chave,titulo,squad,squad_original,lake,fase,recurso,mediana_usada,data_inicio,data_fim,duracao_dias,status_atual
BF3E4-5555,[SHARED SERVICES - 97] Entidade: HandsOn - Views de Integração HS Security Card - TAMANHO: P,SQUAD_1,SQUAD_1,SHAREDSERVICES,QA,QA - 1,"3,13 dias",24/05/2026,25/05/2026,1.36,Test
BF3E4-5695,[SHARED SERVICES - 122] Entidade: Tabelas Manuais - CIW - TAMANHO: G,SQUAD_1,SQUAD_1,SHAREDSERVICES,QA,QA - 2,"3,13 dias",24/05/2026,26/05/2026,2.18,Test
BF3E4-5758,[SHARED SERVICES - 128] Entidade: Tabelas e Views Manuais Restantes - TAMANHO: G,SQUAD_1,SQUAD_1,SHAREDSERVICES,QA,QA - 3,"3,13 dias",24/05/2026,25/05/2026,1.42,Test
BF3E4-5619,[SHARED SERVICES - 107] Entidade: ENDUSER - Views de Headcount e Turnover - TAMANHO: M,SQUAD_1,SQUAD_1,SHAREDSERVICES,QA,QA - 4,"3,13 dias",24/05/2026,27/05/2026,3.13,IN DEVELOPMENT
BF3E4-5640,[SHARED SERVICES - 112] Entidade: LEARNING - Views de Turnover e Base Efetivos - TAMANHO: M,SQUAD_1,SQUAD_1,SHAREDSERVICES,QA,QA - 5,"3,13 dias",24/05/2026,27/05/2026,3.13,IN DEVELOPMENT
BF3E4-5646,[SHARED SERVICES - 113] Entidade: MANUFACTURING SCBU - View de Headcount SCBU - TAMANHO: P,SQUAD_1,SQUAD_1,SHAREDSERVICES,Dev,Dev 3 - Squad 1,"7,16 dias",24/05/2026,28/05/2026,4.19,IN DEVELOPMENT
BF3E4-5646,[SHARED SERVICES - 113] Entidade: MANUFACTURING SCBU - View de Headcount SCBU - TAMANHO: P,SQUAD_1,SQUAD_1,SHAREDSERVICES,QA,QA - 1,"3,13 dias",28/05/2026,31/05/2026,3.13,IN DEVELOPMENT
BF3E4-5186,"[SHARED SERVICES - 53] Entidade: Workday - Dados Pessoais, Remuneração, Benefícios e Financeiro - Ingestão Base - TAMANHO: G",SQUAD_4,SQUAD_4,SHAREDSERVICES,QA,QA - 6,"3,13 dias",24/05/2026,24/05/2026,0.0,Test
BF3E4-5200,[SHARED SERVICES - 54] Entidade: Workday - Contratação e Organização - Ingestão Base - TAMANHO: G,SQUAD_4,SQUAD_4,SHAREDSERVICES,QA,QA - 7,"3,13 dias",24/05/2026,24/05/2026,0.0,Test
BF3E4-5251,[SHARED SERVICES - 59] Entidade: Workday - Views Normalized - Estrutura Organizacional Parte 2 - TAMANHO: M,SQUAD_4,SQUAD_4,SHAREDSERVICES,QA,QA - 8,"3,13 dias",24/05/2026,24/05/2026,0.0,Test
BF3E4-5295,[SHARED SERVICES - 64] Entidade: Workday - Views Normalized - Benefícios Parte 1 - TAMANHO: G DAG: data-lake-hrc-sharedservices-workday-benefits-data,SQUAD_4,SQUAD_4,SHAREDSERVICES,QA,QA - 9,"3,13 dias",24/05/2026,25/05/2026,1.44,Test
BF3E4-5124,[SHARED SERVICES - 44] Entidade: CIC - Controle de Compensação - TAMANHO: P,SQUAD_4,SQUAD_4,SHAREDSERVICES,Dev,Dev 1 - Squad 4,"7,16 dias",24/05/2026,27/05/2026,3.43,IN DEVELOPMENT
BF3E4-5124,[SHARED SERVICES - 44] Entidade: CIC - Controle de Compensação - TAMANHO: P,SQUAD_4,SQUAD_4,SHAREDSERVICES,QA,QA - 2,"3,13 dias",27/05/2026,30/05/2026,3.13,IN DEVELOPMENT
BF3E4-5159,[SHARED SERVICES - 49] Entidade: Logs de SLA de Itens - Portal GT - TAMANHO: P,SQUAD_4,SQUAD_4,SHAREDSERVICES,Dev,Dev 2 - Squad 4,"7,16 dias",24/05/2026,27/05/2026,3.24,IN DEVELOPMENT
BF3E4-5159,[SHARED SERVICES - 49] Entidade: Logs de SLA de Itens - Portal GT - TAMANHO: P,SQUAD_4,SQUAD_4,SHAREDSERVICES,QA,QA - 3,"3,13 dias",27/05/2026,30/05/2026,3.13,IN DEVELOPMENT
BF3E4-5181,[SHARED SERVICES - 52] Entidade: Tabelas Manuais - TAMANHO: P,SQUAD_4,SQUAD_4,SHAREDSERVICES,QA,QA - 10,"3,13 dias",24/05/2026,27/05/2026,3.13,IN DEVELOPMENT
BF3E4-3957,[SUPPLY CHAIN - 16] Entidade: Tabelas Auxiliares e Views Complementares - TAMANHO: G,SQUAD_5,SQUAD_5,SUPPLYCHAIN,QA,QA - 11,"4,10 dias",24/05/2026,27/05/2026,3.34,Test
BF3E4-4190,[SUPPLY CHAIN - 35] Entidade: Desenhos Calculados por Seção (SSOLQ150) - TAMANHO: P,SQUAD_5,SQUAD_5,SUPPLYCHAIN,QA,QA - 12,"4,10 dias",24/05/2026,25/05/2026,1.22,Test
BF3E4-4343,[SUPPLY CHAIN - 51] Entidade: Ingestão Flow - Parte 2 (CBH e Months Rolling) - TAMANHO: G,SQUAD_5,SQUAD_5,SUPPLYCHAIN,QA,QA - 13,"4,10 dias",24/05/2026,26/05/2026,2.18,Test
BF3E4-4363,[SUPPLY CHAIN - 53] Entidade: Views Consolidadas e Analíticas Avançadas - TAMANHO: P,SQUAD_5,SQUAD_5,SUPPLYCHAIN,QA,QA - 14,"4,10 dias",24/05/2026,25/05/2026,1.26,Test
BF3E4-4392,[SUPPLY CHAIN - 57] Entidade: Rastreamento Real-Time via Pub/Sub - TAMANHO: M,SQUAD_5,SQUAD_5,SUPPLYCHAIN,QA,QA - 15,"4,10 dias",24/05/2026,24/05/2026,0.0,Test
BF3E4-4409,[SUPPLY CHAIN - 59] Entidade: Processamento Delta Chegadas e Views Especializadas - TAMANHO: M,SQUAD_5,SQUAD_5,SUPPLYCHAIN,QA,QA - 16,"4,10 dias",24/05/2026,27/05/2026,3.25,Test
BF3E4-4644,[SUPPLY CHAIN - 80] Entidade: Views NAFTA - Dimensões Veículos e Produtos - TAMANHO: M,SQUAD_5,SQUAD_5,SUPPLYCHAIN,QA,QA - 17,"4,10 dias",24/05/2026,26/05/2026,2.33,Test
BF3E4-3986,[SUPPLY CHAIN - 18] Entidade: Pedidos Logísticos e Itens - TAMANHO: G,SQUAD_5,SQUAD_5,SUPPLYCHAIN,QA,QA - 18,"4,10 dias",24/05/2026,28/05/2026,4.1,Waiting Test
BF3E4-4252,[SUPPLY CHAIN - 41] Entidade: Apontamentos e Material em Trânsito - TAMANHO: M,SQUAD_5,SQUAD_5,SUPPLYCHAIN,Dev,Dev 1 - Squad 5,"7,16 dias",24/05/2026,27/05/2026,3.2,IN DEVELOPMENT
BF3E4-4252,[SUPPLY CHAIN - 41] Entidade: Apontamentos e Material em Trânsito - TAMANHO: M,SQUAD_5,SQUAD_5,SUPPLYCHAIN,QA,QA - 4,"4,10 dias",27/05/2026,31/05/2026,4.1,IN DEVELOPMENT
BF3E4-4331,[SUPPLY CHAIN - 50] Entidade: Ingestão Flow - Parte 1 (Cálculo Previsional e CBA) - TAMANHO: G,SQUAD_5,SQUAD_5,SUPPLYCHAIN,QA,QA - 19,"4,10 dias",24/05/2026,28/05/2026,4.1,IN DEVELOPMENT
BF3E4-4402,[SUPPLY CHAIN - 58] Entidade: Outbound Transporte Batch via DataStage - TAMANHO: P,SQUAD_5,SQUAD_5,SUPPLYCHAIN,QA,QA - 20,"4,10 dias",24/05/2026,28/05/2026,4.1,IN DEVELOPMENT
BF3E4-4515,[SUPPLY CHAIN - 67] Entidade: Comprovação Eletrônica de Entrega - EPOD Completo - TAMANHO: G,SQUAD_5,SQUAD_5,SUPPLYCHAIN,Dev,Dev 4 - Squad 5,"7,16 dias",24/05/2026,27/05/2026,3.13,IN DEVELOPMENT
BF3E4-4515,[SUPPLY CHAIN - 67] Entidade: Comprovação Eletrônica de Entrega - EPOD Completo - TAMANHO: G,SQUAD_5,SQUAD_5,SUPPLYCHAIN,QA,QA - 6,"4,10 dias",27/05/2026,31/05/2026,4.1,IN DEVELOPMENT
BF3E4-4621,[SUPPLY CHAIN - 77] Entidade: Consolidação Principal - tb_actual e View Base - TAMANHO: P,SQUAD_5,SQUAD_5,SUPPLYCHAIN,Dev,Dev 5 - Squad 5,"7,16 dias",24/05/2026,25/05/2026,1.37,IN DEVELOPMENT
BF3E4-4621,[SUPPLY CHAIN - 77] Entidade: Consolidação Principal - tb_actual e View Base - TAMANHO: P,SQUAD_5,SQUAD_5,SUPPLYCHAIN,QA,QA - 7,"4,10 dias",25/05/2026,29/05/2026,4.1,IN DEVELOPMENT
BF3E4-4660,[SUPPLY CHAIN - 82] Entidade: Eventos e Pedidos Comerciais - TAMANHO: P,SQUAD_5,SQUAD_5,SUPPLYCHAIN,Dev,Dev 6 - Squad 5,"7,16 dias",24/05/2026,25/05/2026,1.13,IN DEVELOPMENT
BF3E4-4660,[SUPPLY CHAIN - 82] Entidade: Eventos e Pedidos Comerciais - TAMANHO: P,SQUAD_5,SQUAD_5,SUPPLYCHAIN,QA,QA - 8,"4,10 dias",25/05/2026,29/05/2026,4.1,IN DEVELOPMENT
BF3E4-4666,[SUPPLY CHAIN - 83] Entidade: Indicadores FCO - TAMANHO: M,SQUAD_5,SQUAD_5,SUPPLYCHAIN,QA,QA - 21,"4,10 dias",24/05/2026,28/05/2026,4.1,IN DEVELOPMENT
BF3E4-4685,[SUPPLY CHAIN - 85] Entidade: KPIs de Vendas e Produção - TAMANHO: M,SQUAD_5,SQUAD_5,SUPPLYCHAIN,Dev,Dev 8 - Squad 5,"7,16 dias",24/05/2026,26/05/2026,2.51,IN DEVELOPMENT
BF3E4-4685,[SUPPLY CHAIN - 85] Entidade: KPIs de Vendas e Produção - TAMANHO: M,SQUAD_5,SQUAD_5,SUPPLYCHAIN,QA,QA - 9,"4,10 dias",26/05/2026,30/05/2026,4.1,IN DEVELOPMENT
BF3E4-4635,[SUPPLY CHAIN - 79] Entidade: Views Planejamento - Budget Forecast e Estimativas - TAMANHO: M,SQUAD_5,SQUAD_5,SUPPLYCHAIN,Dev,Dev 9 - Squad 5,"7,16 dias",24/05/2026,31/05/2026,7.16,To Do
BF3E4-4635,[SUPPLY CHAIN - 79] Entidade: Views Planejamento - Budget Forecast e Estimativas - TAMANHO: M,SQUAD_5,SQUAD_5,SUPPLYCHAIN,QA,QA - 5,"4,10 dias",31/05/2026,04/06/2026,4.1,To Do
BF3E4-4417,[SUPPLY CHAIN - 60] Entidade: Carga Base RapidResponse - Hierarquias e Descrições - TAMANHO: G,SQUAD_5,SQUAD_5,SUPPLYCHAIN,Dev,Dev 10 - Squad 5,"7,16 dias",24/05/2026,31/05/2026,7.16,Refined
BF3E4-4417,[SUPPLY CHAIN - 60] Entidade: Carga Base RapidResponse - Hierarquias e Descrições - TAMANHO: G,SQUAD_5,SQUAD_5,SUPPLYCHAIN,QA,QA - 7,"4,10 dias",31/05/2026,04/06/2026,4.1,Refined
BF3E4-4430,[SUPPLY CHAIN - 61] Entidade: Cadastros de Canais e Subcanais - TAMANHO: M,SQUAD_2,SQUAD_5,SUPPLYCHAIN,Dev,Dev 1 - Squad 2,"7,16 dias",24/05/2026,31/05/2026,7.16,Refined
BF3E4-4430,[SUPPLY CHAIN - 61] Entidade: Cadastros de Canais e Subcanais - TAMANHO: M,SQUAD_5,SQUAD_5,SUPPLYCHAIN,QA,QA - 8,"4,10 dias",31/05/2026,04/06/2026,4.1,Refined
BF3E4-4437,"[SUPPLY CHAIN - 62] Entidade: Planejamento Operacional - Parte 1 (OSS, PSA, Confirmado) - TAMANHO: G",SQUAD_2,SQUAD_5,SUPPLYCHAIN,Dev,Dev 2 - Squad 2,"7,16 dias",24/05/2026,31/05/2026,7.16,Refined
BF3E4-4437,"[SUPPLY CHAIN - 62] Entidade: Planejamento Operacional - Parte 1 (OSS, PSA, Confirmado) - TAMANHO: G",SQUAD_5,SQUAD_5,SUPPLYCHAIN,QA,QA - 10,"4,10 dias",31/05/2026,04/06/2026,4.1,Refined
BF3E4-4458,[SUPPLY CHAIN - 63] Entidade: Planejamento Operacional - Parte 2 (Geral e Volume Indústria) - TAMANHO: M,SQUAD_2,SQUAD_5,SUPPLYCHAIN,Dev,Dev 3 - Squad 2,"7,16 dias",24/05/2026,31/05/2026,7.16,Refined
BF3E4-4458,[SUPPLY CHAIN - 63] Entidade: Planejamento Operacional - Parte 2 (Geral e Volume Indústria) - TAMANHO: M,SQUAD_5,SQUAD_5,SUPPLYCHAIN,QA,QA - 11,"4,10 dias",31/05/2026,04/06/2026,4.1,Refined
BF3E4-4473,[SUPPLY CHAIN - 64] Entidade: Planejamento Assegnazione e Emplacamento - TAMANHO: M,SQUAD_2,SQUAD_5,SUPPLYCHAIN,Dev,Dev 4 - Squad 2,"7,16 dias",24/05/2026,31/05/2026,7.16,Refined
BF3E4-4473,[SUPPLY CHAIN - 64] Entidade: Planejamento Assegnazione e Emplacamento - TAMANHO: M,SQUAD_5,SQUAD_5,SUPPLYCHAIN,QA,QA - 12,"4,10 dias",31/05/2026,04/06/2026,4.1,Refined
BF3E4-4488,[SUPPLY CHAIN - 65] Entidade: Lista Mestre Pokey e Produto A13 - TAMANHO: M,SQUAD_2,SQUAD_5,SUPPLYCHAIN,Dev,Dev 5 - Squad 2,"7,16 dias",24/05/2026,31/05/2026,7.16,Refined
BF3E4-4488,[SUPPLY CHAIN - 65] Entidade: Lista Mestre Pokey e Produto A13 - TAMANHO: M,SQUAD_5,SQUAD_5,SUPPLYCHAIN,QA,QA - 13,"4,10 dias",31/05/2026,04/06/2026,4.1,Refined
BF3E4-4503,[SUPPLY CHAIN - 66] Entidade: Dados Atuais e Emissão CO2 - Export Files - TAMANHO: M,SQUAD_2,SQUAD_5,SUPPLYCHAIN,Dev,Dev 6 - Squad 2,"7,16 dias",24/05/2026,31/05/2026,7.16,Refined
BF3E4-4503,[SUPPLY CHAIN - 66] Entidade: Dados Atuais e Emissão CO2 - Export Files - TAMANHO: M,SQUAD_5,SQUAD_5,SUPPLYCHAIN,QA,QA - 14,"4,10 dias",31/05/2026,04/06/2026,4.1,Refined
BF3E4-4650,[SUPPLY CHAIN - 81] Entidade: Stock History Regional - TAMANHO: M,SQUAD_2,SQUAD_5,SUPPLYCHAIN,Dev,Dev 7 - Squad 2,"7,16 dias",24/05/2026,31/05/2026,7.16,Refined
BF3E4-4650,[SUPPLY CHAIN - 81] Entidade: Stock History Regional - TAMANHO: M,SQUAD_5,SQUAD_5,SUPPLYCHAIN,QA,QA - 15,"4,10 dias",31/05/2026,04/06/2026,4.1,Refined
BF3E4-4674,[SUPPLY CHAIN - 84] Entidade: Estoque OEM e Dealer - TAMANHO: G,SQUAD_2,SQUAD_5,SUPPLYCHAIN,Dev,Dev 8 - Squad 2,"7,16 dias",24/05/2026,31/05/2026,7.16,Refined
BF3E4-4674,[SUPPLY CHAIN - 84] Entidade: Estoque OEM e Dealer - TAMANHO: G,SQUAD_5,SQUAD_5,SUPPLYCHAIN,QA,QA - 16,"4,10 dias",31/05/2026,04/06/2026,4.1,Refined
BF3E4-2472,[COMERCIAL - 40] CSI Vendas - DataMart - TAMANHO: G,SQUAD_6,SQUAD_6,COMERCIAL,QA,QA - 22,"3,54 dias",24/05/2026,24/05/2026,0.0,Test
BF3E4-2616,[COMERCIAL - 51] Emplacamentos Pessoa Física (PF) - TAMANHO: P,SQUAD_6,SQUAD_6,COMERCIAL,QA,QA - 23,"3,54 dias",24/05/2026,24/05/2026,0.0,Test
BF3E4-2527,[COMERCIAL - 43] Metadados e Controle - TAMANHO: G,SQUAD_6,SQUAD_6,COMERCIAL,QA,QA - 22,"3,54 dias",25/05/2026,28/05/2026,3.54,IN DEVELOPMENT
BF3E4-2542,[COMERCIAL - 44] After Sales - Argentina e Chile - TAMANHO: G,SQUAD_6,SQUAD_6,COMERCIAL,QA,QA - 23,"3,54 dias",25/05/2026,28/05/2026,3.54,IN DEVELOPMENT
BF3E4-2559,[COMERCIAL - 45] After Sales - Brasil - TAMANHO: M,SQUAD_6,SQUAD_6,COMERCIAL,QA,QA - 17,"3,54 dias",26/05/2026,30/05/2026,3.54,IN DEVELOPMENT
BF3E4-2623,[COMERCIAL - 52] Vendas de Veículos Leves (Light Vehicle Sales) - TAMANHO: M,SQUAD_6,SQUAD_6,COMERCIAL,QA,QA - 18,"3,54 dias",28/05/2026,01/06/2026,3.54,IN DEVELOPMENT
BF3E4-2632,[COMERCIAL - 53] Powertrain de Veículos Leves (Light Vehicle Powertrain) - TAMANHO: M,SQUAD_6,SQUAD_6,COMERCIAL,QA,QA - 19,"3,54 dias",28/05/2026,01/06/2026,3.54,IN DEVELOPMENT
BF3E4-2651,[COMERCIAL - 55] Ciclos de Planejamento de Veículos (Vehicle Cycle Plans) - TAMANHO: M,SQUAD_6,SQUAD_6,COMERCIAL,QA,QA - 20,"3,54 dias",28/05/2026,01/06/2026,3.54,IN DEVELOPMENT
BF3E4-2662,[COMERCIAL - 56] Segmentação de Produtos e Previsões (Product Segmentation) - TAMANHO: M,SQUAD_6,SQUAD_6,COMERCIAL,QA,QA - 21,"3,54 dias",28/05/2026,01/06/2026,3.54,IN DEVELOPMENT
BF3E4-2671,[COMERCIAL - 57] Governança e Histórico Consolidado (Governance & CCP Hist) - TAMANHO: P,SQUAD_6,SQUAD_6,COMERCIAL,QA,QA - 22,"3,54 dias",28/05/2026,01/06/2026,3.54,IN DEVELOPMENT
BF3E4-2679,[COMERCIAL - 58] Auditoria e Logs - TAMANHO: P,SQUAD_6,SQUAD_6,COMERCIAL,QA,QA - 23,"3,54 dias",28/05/2026,01/06/2026,3.54,IN DEVELOPMENT
BF3E4-2685,[COMERCIAL - 59] Catálogo e Características Básicas - TAMANHO: G,SQUAD_6,SQUAD_6,COMERCIAL,QA,QA - 18,"3,54 dias",01/06/2026,04/06/2026,3.54,IN DEVELOPMENT
BF3E4-2750,[COMERCIAL - 64] BR Cadastros de Respostas e Metadados - TAMANHO: G,SQUAD_6,SQUAD_6,COMERCIAL,QA,QA - 19,"3,54 dias",01/06/2026,04/06/2026,3.54,IN DEVELOPMENT
BF3E4-7133,[COMERCIAL - 48] Plan de Ahorro (Consórcio) - Completo - TAMANHO: G,SQUAD_6,SQUAD_6,COMERCIAL,QA,QA - 20,"3,54 dias",01/06/2026,04/06/2026,3.54,IN DEVELOPMENT
BF3E4-2698,[COMERCIAL - 60] Preços e Mercado - TAMANHO: G,SQUAD_6,SQUAD_6,COMERCIAL,Dev,Dev 13 - Squad 6,"7,01 dias",24/05/2026,31/05/2026,7.01,To Do
BF3E4-2698,[COMERCIAL - 60] Preços e Mercado - TAMANHO: G,SQUAD_6,SQUAD_6,COMERCIAL,QA,QA - 21,"3,54 dias",01/06/2026,04/06/2026,3.54,To Do
BF3E4-2939,[COMERCIAL - 79] QFS Brasil - Metadata e Population (Staging e DataMart) - TAMANHO: M,SQUAD_6,SQUAD_6,COMERCIAL,Dev,Dev 14 - Squad 6,"7,01 dias",24/05/2026,31/05/2026,7.01,Open
BF3E4-2939,[COMERCIAL - 79] QFS Brasil - Metadata e Population (Staging e DataMart) - TAMANHO: M,SQUAD_6,SQUAD_6,COMERCIAL,QA,QA - 17,"3,54 dias",01/06/2026,04/06/2026,3.54,Open
BF3E4-2954,[COMERCIAL - 80] QFS Brasil - Respondent (Staging e DataMart) - TAMANHO: M,SQUAD_6,SQUAD_6,COMERCIAL,Dev,Dev 15 - Squad 6,"7,01 dias",24/05/2026,31/05/2026,7.01,Open
BF3E4-2954,[COMERCIAL - 80] QFS Brasil - Respondent (Staging e DataMart) - TAMANHO: M,SQUAD_6,SQUAD_6,COMERCIAL,QA,QA - 22,"3,54 dias",01/06/2026,04/06/2026,3.54,Open
BF3E4-2965,[COMERCIAL - 81] QFS Brasil - Respondent (Analytics) - TAMANHO: M,SQUAD_6,SQUAD_6,COMERCIAL,Dev,Dev 16 - Squad 6,"7,01 dias",24/05/2026,31/05/2026,7.01,Open
BF3E4-2965,[COMERCIAL - 81] QFS Brasil - Respondent (Analytics) - TAMANHO: M,SQUAD_6,SQUAD_6,COMERCIAL,QA,QA - 23,"3,54 dias",01/06/2026,04/06/2026,3.54,Open
BF3E4-2972,[COMERCIAL - 82] QFS Brasil - Checkbox (Staging e DataMart) - TAMANHO: M,SQUAD_6,SQUAD_6,COMERCIAL,Dev,Dev 17 - Squad 6,"7,01 dias",24/05/2026,31/05/2026,7.01,Open
BF3E4-2972,[COMERCIAL - 82] QFS Brasil - Checkbox (Staging e DataMart) - TAMANHO: M,SQUAD_6,SQUAD_6,COMERCIAL,QA,QA - 6,"3,54 dias",01/06/2026,05/06/2026,3.54,Open
BF3E4-2980,[COMERCIAL - 83] QFS Brasil - Checkbox (Analytics) - TAMANHO: M,SQUAD_6,SQUAD_6,COMERCIAL,Dev,Dev 18 - Squad 6,"7,01 dias",24/05/2026,31/05/2026,7.01,Open
BF3E4-2980,[COMERCIAL - 83] QFS Brasil - Checkbox (Analytics) - TAMANHO: M,SQUAD_6,SQUAD_6,COMERCIAL,QA,QA - 4,"3,54 dias",01/06/2026,05/06/2026,3.54,Open
BF3E4-2987,[COMERCIAL - 84] QFS Brasil - Verbatim e Canceled (Staging e DataMart) - TAMANHO: G,SQUAD_6,SQUAD_6,COMERCIAL,Dev,Dev 19 - Squad 6,"7,01 dias",24/05/2026,31/05/2026,7.01,Open
BF3E4-2987,[COMERCIAL - 84] QFS Brasil - Verbatim e Canceled (Staging e DataMart) - TAMANHO: G,SQUAD_6,SQUAD_6,COMERCIAL,QA,QA - 1,"3,54 dias",01/06/2026,05/06/2026,3.54,Open
BF3E4-3002,[COMERCIAL - 85] QFS Brasil - KPIs e Logs - TAMANHO: M,SQUAD_6,SQUAD_6,COMERCIAL,Dev,Dev 20 - Squad 6,"7,01 dias",24/05/2026,31/05/2026,7.01,Open
BF3E4-3002,[COMERCIAL - 85] QFS Brasil - KPIs e Logs - TAMANHO: M,SQUAD_6,SQUAD_6,COMERCIAL,QA,QA - 3,"3,54 dias",01/06/2026,05/06/2026,3.54,Open
BF3E4-3012,[COMERCIAL - 86] QFS Argentina - Metadata e Population (Staging e DataMart) - TAMANHO: M,SQUAD_6,SQUAD_6,COMERCIAL,Dev,Dev 1 - Squad 6,"7,01 dias",25/05/2026,01/06/2026,7.01,Open
BF3E4-3012,[COMERCIAL - 86] QFS Argentina - Metadata e Population (Staging e DataMart) - TAMANHO: M,SQUAD_6,SQUAD_6,COMERCIAL,QA,QA - 2,"3,54 dias",01/06/2026,05/06/2026,3.54,Open
BF3E4-3030,[COMERCIAL - 87] QFS Argentina - Respondent (Staging e DataMart) - TAMANHO: M,SQUAD_6,SQUAD_6,COMERCIAL,Dev,Dev 2 - Squad 6,"7,01 dias",25/05/2026,01/06/2026,7.01,Open
BF3E4-3030,[COMERCIAL - 87] QFS Argentina - Respondent (Staging e DataMart) - TAMANHO: M,SQUAD_6,SQUAD_6,COMERCIAL,QA,QA - 9,"3,54 dias",01/06/2026,05/06/2026,3.54,Open
BF3E4-3038,[COMERCIAL - 88] QFS Argentina - Respondent (Analytics) - TAMANHO: M,SQUAD_6,SQUAD_6,COMERCIAL,Dev,Dev 3 - Squad 6,"7,01 dias",25/05/2026,01/06/2026,7.01,Open
BF3E4-3038,[COMERCIAL - 88] QFS Argentina - Respondent (Analytics) - TAMANHO: M,SQUAD_6,SQUAD_6,COMERCIAL,QA,QA - 6,"3,54 dias",05/06/2026,08/06/2026,3.54,Open
BF3E4-3045,[COMERCIAL - 89] QFS Argentina - Checkbox (Staging e DataMart) - TAMANHO: M,SQUAD_6,SQUAD_6,COMERCIAL,Dev,Dev 4 - Squad 6,"7,01 dias",25/05/2026,01/06/2026,7.01,Open
BF3E4-3045,[COMERCIAL - 89] QFS Argentina - Checkbox (Staging e DataMart) - TAMANHO: M,SQUAD_6,SQUAD_6,COMERCIAL,QA,QA - 4,"3,54 dias",05/06/2026,08/06/2026,3.54,Open
BF3E4-3053,[COMERCIAL - 90] QFS Argentina - Checkbox (Analytics) - TAMANHO: M,SQUAD_6,SQUAD_6,COMERCIAL,Dev,Dev 5 - Squad 6,"7,01 dias",25/05/2026,01/06/2026,7.01,Open
BF3E4-3053,[COMERCIAL - 90] QFS Argentina - Checkbox (Analytics) - TAMANHO: M,SQUAD_6,SQUAD_6,COMERCIAL,QA,QA - 1,"3,54 dias",05/06/2026,08/06/2026,3.54,Open
BF3E4-3060,[COMERCIAL - 91] QFS Argentina - Verbatim e Canceled - TAMANHO: G,SQUAD_6,SQUAD_6,COMERCIAL,Dev,Dev 6 - Squad 6,"7,01 dias",25/05/2026,01/06/2026,7.01,Open
BF3E4-3060,[COMERCIAL - 91] QFS Argentina - Verbatim e Canceled - TAMANHO: G,SQUAD_6,SQUAD_6,COMERCIAL,QA,QA - 3,"3,54 dias",05/06/2026,08/06/2026,3.54,Open
BF3E4-3075,[COMERCIAL - 92] QFS Global - Analytics Restricted e Population - TAMANHO: M,SQUAD_6,SQUAD_6,COMERCIAL,Dev,Dev 7 - Squad 6,"7,01 dias",25/05/2026,01/06/2026,7.01,Open
BF3E4-3075,[COMERCIAL - 92] QFS Global - Analytics Restricted e Population - TAMANHO: M,SQUAD_6,SQUAD_6,COMERCIAL,QA,QA - 2,"3,54 dias",05/06/2026,09/06/2026,3.54,Open
BF3E4-3084,[COMERCIAL - 93] QFS Global - Analytics - TAMANHO: M,SQUAD_6,SQUAD_6,COMERCIAL,Dev,Dev 8 - Squad 6,"7,01 dias",25/05/2026,01/06/2026,7.01,Open
BF3E4-3084,[COMERCIAL - 93] QFS Global - Analytics - TAMANHO: M,SQUAD_6,SQUAD_6,COMERCIAL,QA,QA - 9,"3,54 dias",05/06/2026,09/06/2026,3.54,Open
BF3E4-3114,[COMERCIAL - 97] Entidade: Sigma - TAMANHO: P,SQUAD_6,SQUAD_6,COMERCIAL,Dev,Dev 9 - Squad 6,"7,01 dias",25/05/2026,01/06/2026,7.01,Open
BF3E4-3114,[COMERCIAL - 97] Entidade: Sigma - TAMANHO: P,SQUAD_6,SQUAD_6,COMERCIAL,QA,QA - 18,"3,54 dias",05/06/2026,09/06/2026,3.54,Open
BF3E4-3421,[RH - 26] Entidade: Vetorh - Views Manufacturing - TAMANHO: G,SQUAD_7,SQUAD_7,RH,QA,QA - 19,"1,93 dias",05/06/2026,05/06/2026,0.0,Test
BF3E4-3728,[RH - 63] Entidade: Org Design Lider Substituto - TAMANHO: P,SQUAD_7,SQUAD_7,RH,QA,QA - 20,"1,93 dias",05/06/2026,07/06/2026,1.93,Test
BF3E4-3752,[RH - 66] Entidade: Learning Completed Training (Ano Corrente) - TAMANHO: P,SQUAD_7,SQUAD_7,RH,QA,QA - 21,"1,93 dias",05/06/2026,05/06/2026,0.14,Test
BF3E4-3738,[RH - 64] Entidade: People Analytics Restricted R048 - TAMANHO: P,SQUAD_7,SQUAD_7,RH,QA,QA - 19,"1,93 dias",05/06/2026,07/06/2026,1.93,IN DEVELOPMENT
BF3E4-3785,[RH - 70] Entidade: External Tables - Lote 1 - TAMANHO: G,SQUAD_7,SQUAD_7,RH,QA,QA - 5,"1,93 dias",05/06/2026,07/06/2026,1.93,IN DEVELOPMENT
BF3E4-3793,[RH - 71] Entidade: External Tables - Lote 2 - TAMANHO: G,SQUAD_7,SQUAD_7,RH,QA,QA - 7,"1,93 dias",05/06/2026,07/06/2026,1.93,IN DEVELOPMENT
BF3E4-3764,[RH - 67] Entidade: People_Analytics_Restricted - Carga desconhecida - TAMANHO: P,SQUAD_7,SQUAD_7,RH,Dev,Dev 4 - Squad 7,"2,22 dias",24/05/2026,26/05/2026,2.22,Refined
BF3E4-3764,[RH - 67] Entidade: People_Analytics_Restricted - Carga desconhecida - TAMANHO: P,SQUAD_7,SQUAD_7,RH,QA,QA - 8,"1,93 dias",05/06/2026,07/06/2026,1.93,Refined
BF3E4-3800,[RH - 72] Entidade: External Tables - Lote 3 - TAMANHO: P,SQUAD_7,SQUAD_7,RH,Dev,Dev 5 - Squad 7,"2,22 dias",24/05/2026,26/05/2026,2.22,Refined
BF3E4-3800,[RH - 72] Entidade: External Tables - Lote 3 - TAMANHO: P,SQUAD_7,SQUAD_7,RH,QA,QA - 10,"1,93 dias",05/06/2026,07/06/2026,1.93,Refined
BF3E4-1256,[FINANCE - 34] Entidade: Classificação Outros Ingressos Argentina - TAMANHO: G,SQUAD_8,SQUAD_8,FINANCE,QA,QA - 11,"5,34 dias",05/06/2026,09/06/2026,3.52,Test
BF3E4-1323,[FINANCE - 39] Entidade: Análises Divergências Padrões Argentina - Parte 2 - TAMANHO: G,SQUAD_8,SQUAD_8,FINANCE,QA,QA - 12,"5,34 dias",05/06/2026,09/06/2026,3.72,Test
BF3E4-1344,[FINANCE - 40] Entidade: Análises Divergências Padrões Argentina - Parte 3 - TAMANHO: G,SQUAD_8,SQUAD_8,FINANCE,QA,QA - 13,"5,34 dias",05/06/2026,09/06/2026,3.44,Test
BF3E4-1232,[FINANCE - 32] Entidade: Análise Alíquota Mensal e Novos Fornecedores - TAMANHO: G,SQUAD_8,SQUAD_8,FINANCE,QA,QA - 14,"5,34 dias",05/06/2026,10/06/2026,5.34,IN DEVELOPMENT
BF3E4-1244,[FINANCE - 33] Entidade: Análises Divergências Padrões Argentina - Parte 1 - TAMANHO: P,SQUAD_8,SQUAD_8,FINANCE,QA,QA - 15,"5,34 dias",05/06/2026,10/06/2026,5.34,IN DEVELOPMENT
BF3E4-1270,[FINANCE - 36] Entidade: Recuperação Fiscal - Garantia e Bonus - TAMANHO: M,SQUAD_8,SQUAD_8,FINANCE,QA,QA - 16,"5,34 dias",05/06/2026,10/06/2026,5.34,IN DEVELOPMENT
BF3E4-1392,[FINANCE - 42] Entidade: Recuperação Fiscal - Advertising - TAMANHO: M,SQUAD_8,SQUAD_8,FINANCE,Dev,Dev 4 - Squad 8,"6,11 dias",24/05/2026,25/05/2026,1.17,IN DEVELOPMENT
BF3E4-1392,[FINANCE - 42] Entidade: Recuperação Fiscal - Advertising - TAMANHO: M,SQUAD_8,SQUAD_8,FINANCE,QA,QA - 21,"5,34 dias",05/06/2026,11/06/2026,5.34,IN DEVELOPMENT
BF3E4-1419,[FINANCE - 43] Entidade: Recuperação Fiscal - Frete - TAMANHO: G,SQUAD_8,SQUAD_8,FINANCE,Dev,Dev 5 - Squad 8,"6,11 dias",24/05/2026,28/05/2026,4.17,IN DEVELOPMENT
BF3E4-1419,[FINANCE - 43] Entidade: Recuperação Fiscal - Frete - TAMANHO: G,SQUAD_8,SQUAD_8,FINANCE,QA,QA - 17,"5,34 dias",05/06/2026,11/06/2026,5.34,IN DEVELOPMENT
BF3E4-1483,[FINANCE - 46] Entidade: Análise Malha Fina - TAMANHO: G,SQUAD_3,SQUAD_8,FINANCE,Dev,Dev 1 - Squad 3,"6,11 dias",24/05/2026,26/05/2026,2.48,IN DEVELOPMENT
BF3E4-1483,[FINANCE - 46] Entidade: Análise Malha Fina - TAMANHO: G,SQUAD_8,SQUAD_8,FINANCE,QA,QA - 22,"5,34 dias",05/06/2026,11/06/2026,5.34,IN DEVELOPMENT
BF3E4-1518,[FINANCE - 48] Entidade: TPC Integração AWS/Azure via DataStage - Parte 1 - TAMANHO: G,SQUAD_3,SQUAD_8,FINANCE,Dev,Dev 2 - Squad 3,"6,11 dias",24/05/2026,26/05/2026,2.45,IN DEVELOPMENT
BF3E4-1518,[FINANCE - 48] Entidade: TPC Integração AWS/Azure via DataStage - Parte 1 - TAMANHO: G,SQUAD_8,SQUAD_8,FINANCE,QA,QA - 23,"5,34 dias",05/06/2026,11/06/2026,5.34,IN DEVELOPMENT
BF3E4-1526,[FINANCE - 49] Entidade: TPC Integração AWS/Azure via DataStage - Parte 2 - TAMANHO: G,SQUAD_3,SQUAD_8,FINANCE,Dev,Dev 3 - Squad 3,"6,11 dias",24/05/2026,27/05/2026,3.45,IN DEVELOPMENT
BF3E4-1526,[FINANCE - 49] Entidade: TPC Integração AWS/Azure via DataStage - Parte 2 - TAMANHO: G,SQUAD_8,SQUAD_8,FINANCE,QA,QA - 20,"5,34 dias",08/06/2026,13/06/2026,5.34,IN DEVELOPMENT
BF3E4-1529,[FINANCE - 50] Entidade: TPC Integração AWS/Azure via DataStage - Parte 3 - TAMANHO: G,SQUAD_3,SQUAD_8,FINANCE,Dev,Dev 4 - Squad 3,"6,11 dias",24/05/2026,27/05/2026,3.45,IN DEVELOPMENT
BF3E4-1529,[FINANCE - 50] Entidade: TPC Integração AWS/Azure via DataStage - Parte 3 - TAMANHO: G,SQUAD_8,SQUAD_8,FINANCE,QA,QA - 19,"5,34 dias",08/06/2026,13/06/2026,5.34,IN DEVELOPMENT
BF3E4-1532,[FINANCE - 51] Entidade: TPC Integração AWS/Azure via DataStage - Parte 3 - TAMANHO: G,SQUAD_3,SQUAD_8,FINANCE,Dev,Dev 5 - Squad 3,"6,11 dias",24/05/2026,27/05/2026,3.45,IN DEVELOPMENT
BF3E4-1532,[FINANCE - 51] Entidade: TPC Integração AWS/Azure via DataStage - Parte 3 - TAMANHO: G,SQUAD_8,SQUAD_8,FINANCE,QA,QA - 5,"5,34 dias",08/06/2026,13/06/2026,5.34,IN DEVELOPMENT
BF3E4-1359,[FINANCE - 41] Entidade: Tax NF Head e Customaterial - TAMANHO: M,SQUAD_3,SQUAD_8,FINANCE,Dev,Dev 6 - Squad 3,"6,11 dias",24/05/2026,30/05/2026,6.11,To Do
BF3E4-1359,[FINANCE - 41] Entidade: Tax NF Head e Customaterial - TAMANHO: M,SQUAD_8,SQUAD_8,FINANCE,QA,QA - 7,"5,34 dias",08/06/2026,13/06/2026,5.34,To Do
BF3E4-1440,[FINANCE - 44] Entidade: Recuperação Fiscal - Outros Processos Parte 1 - TAMANHO: G,SQUAD_3,SQUAD_8,FINANCE,Dev,Dev 7 - Squad 3,"6,11 dias",24/05/2026,30/05/2026,6.11,Refined
BF3E4-1440,[FINANCE - 44] Entidade: Recuperação Fiscal - Outros Processos Parte 1 - TAMANHO: G,SQUAD_8,SQUAD_8,FINANCE,QA,QA - 8,"5,34 dias",08/06/2026,13/06/2026,5.34,Refined
BF3E4-1464,[FINANCE - 45] Entidade: Análise IPI Rota 20/30 e Apurações - TAMANHO: G,SQUAD_3,SQUAD_8,FINANCE,Dev,Dev 8 - Squad 3,"6,11 dias",24/05/2026,30/05/2026,6.11,Refined
BF3E4-1464,[FINANCE - 45] Entidade: Análise IPI Rota 20/30 e Apurações - TAMANHO: G,SQUAD_8,SQUAD_8,FINANCE,QA,QA - 10,"5,34 dias",08/06/2026,13/06/2026,5.34,Refined
BF3E4-1502,[FINANCE - 47] Entidade: Vinculação NFe/CTe - TAMANHO: G,SQUAD_3,SQUAD_8,FINANCE,Dev,Dev 9 - Squad 3,"6,11 dias",24/05/2026,30/05/2026,6.11,Refined
BF3E4-1502,[FINANCE - 47] Entidade: Vinculação NFe/CTe - TAMANHO: G,SQUAD_8,SQUAD_8,FINANCE,QA,QA - 6,"5,34 dias",08/06/2026,14/06/2026,5.34,Refined
