chave,titulo,squad,entrada_dev,entrada_waiting_test,entrada_done,dias_corridos_dev,dias_corridos_qa
BF3E4-1003,[FINANCE - 18] Entidade: NFe/CTe Saída Teksid - TAMANHO: M,SQUAD_8,27/04/2026 11:05,04/05/2026 09:57,08/05/2026 16:10,6.9529,4.2591
BF3E4-1015,[FINANCE - 19] Entidade: Manifesto Destinatário e Elog - TAMANHO: P,SQUAD_8,30/03/2026 10:07,04/05/2026 11:50,07/05/2026 11:36,35.0713,2.9903
BF3E4-1023,[FINANCE - 20] Entidade: User Parameters TaxOpe - Parte 1 - TAMANHO: M,SQUAD_8,26/03/2026 16:07,27/04/2026 23:10,04/05/2026 14:40,32.294,6.6453
BF3E4-1039,[FINANCE - 21] Entidade: User Parameters TaxOpe - Parte 2 (CNPJs e Argentina) - TAMANHO: G,SQUAD_8,26/03/2026 16:07,28/04/2026 12:42,02/05/2026 17:45,32.8574,4.2102
BF3E4-1056,[FINANCE - 22] Entidade: User Parameters TaxOpe - Parte 3 (Estabelecimento e Fornecedor) - TAMANHO: G,SQUAD_8,29/04/2026 09:05,05/05/2026 13:54,07/05/2026 00:11,6.2007,1.4279
BF3E4-107,[COMPRAS - 2] Entidade: Datamart Tratativa - Parte 2 (Dimensões Básicas 5-8) - TAMANHO: G,SQUAD_1,17/03/2026 15:10,14/04/2026 17:25,17/04/2026 18:23,28.0935,3.0405
BF3E4-1076,[FINANCE - 23] Entidade: Recuperação Fiscal - Carga Fria - TAMANHO: G,SQUAD_8,28/04/2026 09:58,07/05/2026 12:04,08/05/2026 18:05,9.0876,1.2503
BF3E4-1083,"[FINANCE - 24] Entidade: Interfaces SAP ZRFI - Parte 1 (410, 430, 431) - TAMANHO: G",SQUAD_8,30/04/2026 01:15,30/04/2026 20:06,03/05/2026 09:22,0.7852,2.5528
BF3E4-1098,"[FINANCE - 25] Entidade: Interfaces SAP ZRFI - Parte 2 (440, 441, 442, 300) - TAMANHO: G",SQUAD_8,04/05/2026 13:37,08/05/2026 18:34,16/05/2026 18:07,4.2062,7.9807
BF3E4-1111,[FINANCE - 26] Entidade: Cloud Functions Storage Trigger - Parte 1 - TAMANHO: G,SQUAD_8,05/05/2026 13:56,08/05/2026 13:37,11/05/2026 16:50,2.9865,3.1338
BF3E4-1130,[FINANCE - 27] Entidade: Cloud Functions Storage Trigger - Parte 2 - TAMANHO: G,SQUAD_8,07/05/2026 16:20,13/05/2026 16:14,18/05/2026 08:32,5.9958,4.6792
BF3E4-1154,[FINANCE - 28] Entidade: Cloud Functions Storage Trigger - Parte 3 - TAMANHO: P,SQUAD_8,15/05/2026 16:43,15/05/2026 16:43,18/05/2026 12:01,,2.8042
BF3E4-1176,[FINANCE - 29] Entidade: SAP Hana Conciliação - Cloud Functions Storage Trigger - TAMANHO: M,SQUAD_8,11/05/2026 10:18,14/05/2026 12:09,19/05/2026 19:59,3.0773,5.3265
BF3E4-1191,[FINANCE - 30] Entidade: Padrões Fisco Argentina - Storage Trigger - Parte 1 - TAMANHO: G,SQUAD_8,11/05/2026 14:02,15/05/2026 12:16,18/05/2026 17:59,3.9265,3.2381
BF3E4-1209,[FINANCE - 31] Entidade: Padrões Fisco Argentina - Storage Trigger - Parte 2 - TAMANHO: G,SQUAD_8,13/05/2026 12:29,15/05/2026 16:39,22/05/2026 12:54,2.1733,6.8438
BF3E4-1232,[FINANCE - 32] Entidade: Análise Alíquota Mensal e Novos Fornecedores - TAMANHO: G,SQUAD_8,13/05/2026 16:22,,,,
BF3E4-1244,[FINANCE - 33] Entidade: Análises Divergências Padrões Argentina - Parte 1 - TAMANHO: P,SQUAD_8,09/05/2026 08:16,,,,
BF3E4-1256,[FINANCE - 34] Entidade: Classificação Outros Ingressos Argentina - TAMANHO: G,SQUAD_8,16/05/2026 08:12,21/05/2026 16:08,,5.3306,
BF3E4-1270,[FINANCE - 36] Entidade: Recuperação Fiscal - Garantia e Bonus - TAMANHO: M,SQUAD_8,15/05/2026 11:33,,,,
BF3E4-1293,[FINANCE - 37] Entidade: Recuperação Fiscal - Outros Processos Parte 2 - TAMANHO: M,SQUAD_8,14/05/2026 12:12,15/05/2026 18:10,20/05/2026 11:42,1.2483,4.7307
BF3E4-1306,[FINANCE - 38] Entidade: Análises Divergências Padrões CABA e Entre Rios - TAMANHO: M,SQUAD_8,18/05/2026 17:17,19/05/2026 17:01,21/05/2026 16:41,0.9885,1.9865
BF3E4-1323,[FINANCE - 39] Entidade: Análises Divergências Padrões Argentina - Parte 2 - TAMANHO: G,SQUAD_8,19/05/2026 12:19,20/05/2026 16:59,,1.1946,
BF3E4-1344,[FINANCE - 40] Entidade: Análises Divergências Padrões Argentina - Parte 3 - TAMANHO: G,SQUAD_8,19/05/2026 17:53,20/05/2026 17:44,,0.9937,
BF3E4-1359,[FINANCE - 41] Entidade: Tax NF Head e Customaterial - TAMANHO: M,SQUAD_8,,,,,
BF3E4-1392,[FINANCE - 42] Entidade: Recuperação Fiscal - Advertising - TAMANHO: M,SQUAD_8,19/05/2026 10:22,,,,
BF3E4-1419,[FINANCE - 43] Entidade: Recuperação Fiscal - Frete - TAMANHO: G,SQUAD_8,22/05/2026 10:23,,,,
BF3E4-1440,[FINANCE - 44] Entidade: Recuperação Fiscal - Outros Processos Parte 1 - TAMANHO: G,SQUAD_8,,,,,
BF3E4-1464,[FINANCE - 45] Entidade: Análise IPI Rota 20/30 e Apurações - TAMANHO: G,SQUAD_8,,,,,
BF3E4-1483,[FINANCE - 46] Entidade: Análise Malha Fina - TAMANHO: G,SQUAD_8,20/05/2026 17:52,,,,
BF3E4-149,[COMPRAS - 3] Entidade: Datamart Tratativa - Parte 3 (Fornecedores e Materiais) - TAMANHO: G,SQUAD_1,18/03/2026 11:48,16/04/2026 10:07,18/04/2026 16:38,28.9294,2.2714
BF3E4-1502,[FINANCE - 47] Entidade: Vinculação NFe/CTe - TAMANHO: G,SQUAD_8,,,,,
BF3E4-1518,[FINANCE - 48] Entidade: TPC Integração AWS/Azure via DataStage - Parte 1 - TAMANHO: G,SQUAD_8,20/05/2026 17:05,,,,
BF3E4-1526,[FINANCE - 49] Entidade: TPC Integração AWS/Azure via DataStage - Parte 2 - TAMANHO: G,SQUAD_8,21/05/2026 17:15,,,,
BF3E4-1529,[FINANCE - 50] Entidade: TPC Integração AWS/Azure via DataStage - Parte 3 - TAMANHO: G,SQUAD_8,21/05/2026 17:15,,,,
BF3E4-1532,[FINANCE - 51] Entidade: TPC Integração AWS/Azure via DataStage - Parte 3 - TAMANHO: G,SQUAD_8,21/05/2026 17:15,,,,
BF3E4-1535,[CLIENTE - 1] Assunto: Salesforce CDC - Staging (Parte 1) - TAMANHO: G,SQUAD_3,30/03/2026 17:50,02/05/2026 10:09,02/05/2026 10:59,32.6802,0.0344
BF3E4-1550,[CLIENTE - 2] Assunto: CRM e Audiência (Parte 2) - TAMANHO: G,SQUAD_3,06/04/2026 11:29,,07/05/2026 11:30,,
BF3E4-1574,[CLIENTE - 3] Assunto: Campanhas Marketing Cloud (Parte 1) - TAMANHO: G,SQUAD_3,,19/05/2026 09:36,21/05/2026 17:27,,2.3276
BF3E4-1589,[CLIENTE - 4] Assunto: Campanhas Marketing Cloud (Parte 2) - TAMANHO: G,SQUAD_3,,21/05/2026 09:06,21/05/2026 14:12,,0.2122
BF3E4-1604,[CLIENTE - 5] Assunto: Marketing Cloud - Target & Views (Parte 3) - TAMANHO: G,SQUAD_3,,21/05/2026 09:35,22/05/2026 20:31,,1.4556
BF3E4-1619,[CLIENTE - 6] Assunto: Dados Públicos CNPJ - Staging (Parte 1) - TAMANHO: M,SQUAD_3,04/05/2026 15:22,12/05/2026 12:40,14/05/2026 11:24,7.8873,1.9473
BF3E4-163,[COMPRAS - 4] Entidade: Datamart Tratativa - Parte 4 (Documentos de Compra) - TAMANHO: G,SQUAD_1,18/03/2026 12:13,07/04/2026 14:36,17/04/2026 17:49,20.0992,10.1337
BF3E4-1634,[CLIENTE - 7] Assunto: Dados Públicos CNPJ - Target & Views (Parte 2) - TAMANHO: G,SQUAD_3,06/05/2026 22:10,12/05/2026 14:15,14/05/2026 13:53,5.6701,1.9842
BF3E4-1648,[CLIENTE - 8] Assunto: Staging (Parte 1) - TAMANHO: G,SQUAD_3,17/04/2026 10:21,02/05/2026 12:14,12/05/2026 18:24,15.0781,10.2568
BF3E4-1663,[CLIENTE - 9] Assunto: Staging (Parte 2) - TAMANHO: G,SQUAD_3,17/04/2026 11:23,19/05/2026 17:21,20/05/2026 19:21,32.2488,1.0836
BF3E4-1675,[CLIENTE - 10] Assunto: Integrações Externas (Parte 1) - TAMANHO: G,SQUAD_3,29/04/2026 08:08,12/05/2026 12:13,12/05/2026 15:25,13.1704,0.1332
BF3E4-1690,[CLIENTE - 11] Assunto: Integrações Externas (Parte 2) - TAMANHO: P,SQUAD_3,28/04/2026 11:06,12/05/2026 12:33,12/05/2026 18:44,14.0605,0.2576
BF3E4-1698,[CLIENTE - 12] Assunto: Relacionamento Cliente (Parte 1) - TAMANHO: M,SQUAD_3,06/05/2026 22:10,20/05/2026 18:35,20/05/2026 21:53,13.8508,0.1372
BF3E4-1711,[CLIENTE - 13] Assunto: Relacionamento Cliente (Parte 2) - TAMANHO: G,SQUAD_3,06/05/2026 22:10,19/05/2026 15:52,19/05/2026 15:59,12.7371,0.005
BF3E4-1715,[CLIENTE - 14] Assunto: Relacionamento Cliente (Parte 3) - TAMANHO: M,SQUAD_3,07/05/2026 12:16,20/05/2026 10:18,21/05/2026 09:59,12.9184,0.987
BF3E4-1719,[CLIENTE - 15] Assunto: Serviços Financeiros (Parte 1) - TAMANHO: M,SQUAD_3,11/05/2026 08:25,22/05/2026 20:17,23/05/2026 09:35,11.4947,0.5542
BF3E4-1731,[CLIENTE - 16] Assunto: Golden Cliente (Parte 1) - TAMANHO: G,SQUAD_3,06/05/2026 10:37,13/05/2026 10:25,13/05/2026 18:07,6.9918,0.3205
BF3E4-1746,[CLIENTE - 17] Assunto: Golden Cliente (Parte 2) - TAMANHO: G,SQUAD_3,06/05/2026 10:24,12/05/2026 16:40,13/05/2026 18:07,6.2613,1.0599
BF3E4-1761,[CLIENTE - 18] Assunto: Golden Cliente (Parte 3) - TAMANHO: G,SQUAD_3,07/05/2026 09:19,14/05/2026 21:08,21/05/2026 11:28,7.4922,6.5972
BF3E4-177,"[COMPRAS - 5] Entidade: Datamart Tratativa - Parte 5 (Curva de Compra Base - Curva, Histórico e Causais) - TAMANHO: G",SQUAD_1,23/03/2026 09:25,14/04/2026 09:52,20/04/2026 18:34,22.0188,6.3626
BF3E4-1776,[CLIENTE - 19] Assunto: Golden Cliente (Parte 4) - TAMANHO: G,SQUAD_3,08/05/2026 10:28,18/05/2026 19:23,22/05/2026 19:45,10.3718,4.0154
BF3E4-1788,[CLIENTE - 20] Assunto: Golden Cliente (Parte 5) - TAMANHO: M,SQUAD_3,08/05/2026 10:28,13/05/2026 20:51,13/05/2026 21:16,5.4325,0.0173
BF3E4-1790,[CLIENTE - 21] Assunto: Privacidade LGPD (Parte 1) - TAMANHO: G,SQUAD_3,08/05/2026 10:28,21/05/2026 09:26,23/05/2026 14:36,12.9565,2.2151
BF3E4-1792,[CLIENTE - 22] Assunto: Qualidade e Validação (Parte 1) - TAMANHO: G,SQUAD_3,06/05/2026 21:18,08/05/2026 17:47,18/05/2026 17:36,1.8531,9.9925
BF3E4-1807,[CLIENTE - 23] Assunto: Qualidade e Validação (Parte 2) - TAMANHO: G,SQUAD_3,04/05/2026 16:41,08/05/2026 17:47,18/05/2026 17:36,4.0458,9.9926
BF3E4-1824,[CLIENTE - 29] Assunto: Visão 360 (Parte 1) - TAMANHO: G,SQUAD_3,08/05/2026 09:57,14/05/2026 09:47,15/05/2026 11:09,5.9931,1.0568
BF3E4-1826,[CLIENTE - 30] Assunto: Visão 360 (Parte 2) - TAMANHO: G,SQUAD_3,08/05/2026 09:58,22/05/2026 19:56,22/05/2026 21:01,14.4153,0.0452
BF3E4-1830,[CLIENTE - 32] Assunto: EDI - Envio CCDB (Parte 1) - TAMANHO: G,SQUAD_3,07/05/2026 17:13,11/05/2026 15:36,12/05/2026 17:22,3.9328,1.0737
BF3E4-1841,[CLIENTE - 33] Assunto: EDI - Envio CCDB (Parte 2) - TAMANHO: G,SQUAD_3,11/05/2026 09:24,13/05/2026 09:10,13/05/2026 16:57,1.9903,0.3247
BF3E4-1852,[CLIENTE - 34] Assunto: API - Carga Diária e Integrações - TAMANHO: G,SQUAD_3,,13/05/2026 16:58,22/05/2026 11:36,,8.7761
BF3E4-1872,[CLIENTE - 36] Assunto: EDI - SSH/FTP On-Premise (Parte 2) - TAMANHO: G,SQUAD_3,11/05/2026 11:04,,13/05/2026 09:08,,
BF3E4-1886,[CLIENTE - 37] Assunto: EDI - SSH/FTP On-Premise (Parte 3) - TAMANHO: G,SQUAD_3,11/05/2026 14:16,15/05/2026 17:22,18/05/2026 14:26,4.129,2.8779
BF3E4-1897,[CLIENTE - 38] Assunto: Marketing Cloud - Target & Views (Parte 4) - TAMANHO: P,SQUAD_3,05/05/2026 12:42,,19/05/2026 09:35,,
BF3E4-1899,[CLIENTE - 39] Assunto: Dados Públicos CNPJ - Staging (Parte 3) - TAMANHO: M,SQUAD_3,07/05/2026 18:20,12/05/2026 12:19,13/05/2026 18:34,4.749,1.2602
BF3E4-191,[COMPRAS - 6] Entidade: Datamart Tratativa - Parte 6 (Curva de Compra Mensal e Despivotada) - TAMANHO: M,SQUAD_1,18/03/2026 12:14,07/04/2026 14:35,18/04/2026 10:33,20.0985,10.8318
BF3E4-1912,[CLIENTE - 41] Assunto: Relacionamento Cliente (Parte 4) - TAMANHO: M,SQUAD_3,06/05/2026 16:15,07/05/2026 15:21,08/05/2026 18:33,0.9625,1.1333
BF3E4-1916,[COMERCIAL - 1] Entidade: Aprovação Comercial - TAMANHO: P,SQUAD_6,23/03/2026 10:47,15/04/2026 11:59,15/04/2026 12:00,23.0495,
BF3E4-199,[COMPRAS - 7] Entidade: Datamart Tratativa - Parte 7 (Variação e Programação) - TAMANHO: G,SQUAD_1,18/03/2026 12:14,12/04/2026 22:27,18/04/2026 16:09,25.4257,5.7375
BF3E4-213,[COMPRAS - 8] Entidade: Datamart Tratativa - Parte 8 (APV - Análise Preço Volume) - TAMANHO: G,SQUAD_1,26/03/2026 10:12,16/04/2026 09:00,20/04/2026 15:34,20.95,4.2732
BF3E4-230,[COMPRAS - 9] Entidade: RDA (Requisição de Autorização) - TAMANHO: G,SQUAD_1,18/03/2026 16:46,07/04/2026 14:36,16/04/2026 19:25,19.9093,9.2006
BF3E4-2420,[COMERCIAL - 35] Dimensões Geográficas - TAMANHO: M,SQUAD_6,31/03/2026 09:55,,24/04/2026 10:52,,
BF3E4-2427,[COMERCIAL - 36] Dimensões Demográficas - TAMANHO: M,SQUAD_6,31/03/2026 09:57,,24/04/2026 10:53,,
BF3E4-2436,[COMERCIAL - 37] Dimensões Veiculares - TAMANHO: G,SQUAD_6,31/03/2026 09:25,24/04/2026 12:07,24/04/2026 20:06,24.1126,0.3327
BF3E4-2449,[COMERCIAL - 38] Concessionárias e Segmentos - TAMANHO: M,SQUAD_6,31/03/2026 10:00,24/04/2026 12:08,27/04/2026 15:48,24.0889,3.153
BF3E4-245,[COMPRAS - 11] Entidade: Flow Causais (MySQL) - TAMANHO: M,SQUAD_1,30/03/2026 09:08,10/04/2026 13:32,14/04/2026 12:20,11.1829,3.9503
BF3E4-2459,[COMERCIAL - 39] CSI Vendas - Staging Base - TAMANHO: G,SQUAD_6,31/03/2026 10:01,24/04/2026 12:09,28/04/2026 14:34,24.0889,4.1012
BF3E4-2472,[COMERCIAL - 40] CSI Vendas - DataMart - TAMANHO: G,SQUAD_6,,30/04/2026 15:54,,,
BF3E4-2493,[COMERCIAL - 41] CSI Pós-Vendas - Staging Base - TAMANHO: G,SQUAD_6,01/04/2026 09:43,24/04/2026 12:10,29/04/2026 08:47,23.1023,4.8588
BF3E4-2506,[COMERCIAL - 42] CSI Pós-Vendas - DataMart - TAMANHO: G,SQUAD_6,15/04/2026 14:11,28/04/2026 16:53,29/04/2026 18:04,13.1122,1.0499
BF3E4-2527,[COMERCIAL - 43] Metadados e Controle - TAMANHO: G,SQUAD_6,02/04/2026 15:57,,,,
BF3E4-2542,[COMERCIAL - 44] After Sales - Argentina e Chile - TAMANHO: G,SQUAD_6,01/04/2026 09:44,,,,
BF3E4-2568,[COMERCIAL - 46] New Vehicle - Brasil - TAMANHO: M,SQUAD_6,01/04/2026 09:47,27/04/2026 09:43,30/04/2026 09:25,25.9972,2.988
BF3E4-2580,"[COMERCIAL - 47] New Vehicle - Argentina, Chile e Leapmotor - TAMANHO: M",SQUAD_6,06/04/2026 08:49,28/04/2026 17:00,06/05/2026 14:48,22.3411,7.9081
BF3E4-2602,[COMERCIAL - 49] Call Center e Integrações Especiais - TAMANHO: P,SQUAD_6,31/03/2026 16:47,04/05/2026 14:12,05/05/2026 12:20,33.8925,0.9219
BF3E4-2609,[COMERCIAL - 50] Emplacamentos Pessoa Jurídica (PJ) - TAMANHO: P,SQUAD_6,02/04/2026 09:34,30/04/2026 18:29,04/05/2026 16:37,28.3711,3.9226
BF3E4-2616,[COMERCIAL - 51] Emplacamentos Pessoa Física (PF) - TAMANHO: P,SQUAD_6,,04/05/2026 16:16,,,
BF3E4-263,[COMPRAS - 13] Entidade: Integração Power BI (Material Indireto) - TAMANHO: G,SQUAD_1,08/04/2026 15:53,17/04/2026 16:56,17/04/2026 17:35,9.0438,0.0271
BF3E4-2632,[COMERCIAL - 53] Powertrain de Veículos Leves (Light Vehicle Powertrain) - TAMANHO: M,SQUAD_6,20/04/2026 11:55,,,,
BF3E4-2641,[COMERCIAL - 54] Capacidade de Plantas de Veículos (Vehicle Plant Capacity) - TAMANHO: M,SQUAD_6,22/04/2026 09:06,30/04/2026 12:12,04/05/2026 10:53,8.1293,3.9454
BF3E4-2651,[COMERCIAL - 55] Ciclos de Planejamento de Veículos (Vehicle Cycle Plans) - TAMANHO: M,SQUAD_6,20/04/2026 11:31,,,,
BF3E4-2662,[COMERCIAL - 56] Segmentação de Produtos e Previsões (Product Segmentation) - TAMANHO: M,SQUAD_6,22/04/2026 10:08,,,,
BF3E4-2671,[COMERCIAL - 57] Governança e Histórico Consolidado (Governance & CCP Hist) - TAMANHO: P,SQUAD_6,24/04/2026 10:20,,,,
BF3E4-2679,[COMERCIAL - 58] Auditoria e Logs - TAMANHO: P,SQUAD_6,30/04/2026 12:59,,,,
BF3E4-2685,[COMERCIAL - 59] Catálogo e Características Básicas - TAMANHO: G,SQUAD_6,30/04/2026 16:57,,,,
BF3E4-2750,[COMERCIAL - 64] BR Cadastros de Respostas e Metadados - TAMANHO: G,SQUAD_6,30/04/2026 19:45,,,,
BF3E4-3126,[RH - 2] Entidade: Vetorh - Cargos e Vínculos - TAMANHO: G,SQUAD_7,27/03/2026 09:54,16/04/2026 09:50,28/04/2026 11:04,19.9967,12.0513
BF3E4-3141,[RH - 1] Entidade: Vetorh - Estruturas Organizacionais Parte 1 - TAMANHO: G,SQUAD_7,26/03/2026 09:48,16/04/2026 09:59,24/04/2026 16:32,21.0074,8.2734
BF3E4-3158,[RH - 3] Entidade: Vetorh - Dados de Colaboradores Parte 1 - TAMANHO: G,SQUAD_7,31/03/2026 13:51,16/04/2026 10:04,05/05/2026 09:20,15.8426,18.9693
BF3E4-317,[MOPAR - 1] Assunto: AgendamentoOnline - TAMANHO: G,SQUAD_2,06/04/2026 11:54,10/04/2026 17:43,01/05/2026 14:57,4.2425,20.8847
BF3E4-3173,[RH - 4] Entidade: Vetorh - View PCD - TAMANHO: P,SQUAD_7,01/04/2026 09:25,16/04/2026 10:07,28/04/2026 14:32,15.0286,12.1846
BF3E4-3177,[RH - 5] Entidade: Vetorh - Históricos de Movimentação - TAMANHO: G,SQUAD_7,01/04/2026 09:10,20/04/2026 09:56,29/04/2026 15:05,19.0317,9.2147
BF3E4-3191,[RH - 6] Entidade: Vetorh - Ponto e Jornada Parte 1 - TAMANHO: G,SQUAD_7,01/04/2026 09:09,16/04/2026 15:13,02/05/2026 10:00,15.2529,15.7827
BF3E4-3206,[RH - 7] Entidade: Vetorh - Ponto e Jornada Parte 2 - TAMANHO: P,SQUAD_7,13/04/2026 09:48,22/04/2026 16:39,30/04/2026 11:31,9.2853,7.7858
BF3E4-3212,[RH - 8] Entidade: Vetorh - Saúde e Segurança Parte 1 - TAMANHO: G,SQUAD_7,15/04/2026 15:21,23/04/2026 10:20,06/05/2026 11:38,7.7915,13.0542
BF3E4-3227,[RH - 9] Entidade: Vetorh - Saúde e Segurança Parte 2 + View Marcações - TAMANHO: P,SQUAD_7,15/04/2026 14:42,16/04/2026 13:43,05/05/2026 17:02,0.9588,19.1385
BF3E4-3233,[RH - 10] Entidade: Vetorh - Saúde e Segurança Parte 3 + Views Acidentes - TAMANHO: G,SQUAD_7,20/04/2026 09:54,23/04/2026 10:21,08/05/2026 12:49,3.0186,15.1025
BF3E4-3248,[RH - 11] Entidade: Vetorh - Medicina do Trabalho Parte 1 - TAMANHO: G,SQUAD_7,17/04/2026 14:44,23/04/2026 14:03,30/04/2026 14:57,5.9716,7.0374
BF3E4-3262,[RH - 12] Entidade:  Vetorh - Views Absenteísmo e Medicina - TAMANHO: P,SQUAD_7,16/04/2026 13:44,05/05/2026 10:58,05/05/2026 18:35,18.8846,0.3179
BF3E4-3268,[RH - 13] Entidade: Vetorh - Treinamento - TAMANHO: G,SQUAD_7,20/04/2026 11:32,04/05/2026 15:12,05/05/2026 14:51,14.1528,0.9849
BF3E4-3282,[RH - 14] Entidade: Vetorh - Views Medicina Analytics - TAMANHO: P,SQUAD_7,30/04/2026 15:47,04/05/2026 17:24,07/05/2026 08:47,4.0672,2.6412
BF3E4-3287,[RH - 15] Entidade: Vetorh - Riscos Ambientais - TAMANHO: G,SQUAD_7,23/04/2026 09:35,07/05/2026 09:09,07/05/2026 17:04,13.9823,0.3296
BF3E4-3301,[RH - 16] Entidade: Vetorh - Tabelas Usuário Parte 1 - TAMANHO: G,SQUAD_7,24/04/2026 08:02,29/04/2026 09:58,02/05/2026 11:59,5.0803,3.0837
BF3E4-331,[MOPAR - 2] Assunto: Bonus - TAMANHO: G,SQUAD_2,,24/04/2026 15:28,06/05/2026 17:58,,12.1038
BF3E4-3314,[RH - 17] Entidade: Vetorh - Tabelas Usuário Parte 2 + Views Manufacturing - TAMANHO: G,SQUAD_7,05/05/2026 07:03,06/05/2026 17:46,08/05/2026 11:32,1.4461,1.7404
BF3E4-3326,[RH - 18] Entidade: Vetorh - Tabelas Usuário Parte 3 - TAMANHO: G,SQUAD_7,07/05/2026 00:01,08/05/2026 10:11,08/05/2026 16:37,1.4231,0.2683
BF3E4-3338,[RH - 19] Entidade: Vetorh - Tabelas Usuário Parte 4 + Views HRBP - TAMANHO: G,SQUAD_7,06/05/2026 13:19,08/05/2026 16:51,11/05/2026 10:10,2.1472,2.7214
BF3E4-3354,[RH - 20] Entidade: Vetorh - Tabelas Usuário Parte 5 + Views Qualidade - TAMANHO: M,SQUAD_7,08/05/2026 07:07,11/05/2026 11:15,11/05/2026 17:40,3.1724,0.2669
BF3E4-3365,[RH - 21] Entidade: Vetorh - Tabelas Usuário Finais + Views Cross Parte 1 - TAMANHO: G,SQUAD_7,07/05/2026 11:54,20/05/2026 09:39,22/05/2026 12:02,12.9065,2.0994
BF3E4-3381,[RH - 22] Entidade: Vetorh - Views Cross Parte 2 (Dependem de H18-21) - TAMANHO: G,SQUAD_7,08/05/2026 16:32,13/05/2026 11:42,15/05/2026 17:58,4.7985,2.261
BF3E4-3394,[RH - 23] Entidade: Vetorh - Views People Analytics - TAMANHO: M,SQUAD_7,09/05/2026 10:52,11/05/2026 17:53,12/05/2026 15:53,2.2921,0.917
BF3E4-3403,[RH - 24] Entidade: Vetorh - Views Medicina e Saúde - TAMANHO: G,SQUAD_7,12/05/2026 08:59,13/05/2026 15:38,18/05/2026 14:44,1.2771,4.9621
BF3E4-3413,[RH - 25] Entidade: Vetorh - Views Segurança e Facilities - TAMANHO: M,SQUAD_7,11/05/2026 17:54,12/05/2026 17:21,12/05/2026 18:41,0.9777,0.0549
BF3E4-3421,[RH - 26] Entidade: Vetorh - Views Manufacturing - TAMANHO: G,SQUAD_7,14/05/2026 09:53,18/05/2026 18:04,,4.341,
BF3E4-3432,[RH - 27] Entidade: Vetorh - Views Qualidade e Compliance - TAMANHO: G,SQUAD_7,13/05/2026 15:39,15/05/2026 17:51,22/05/2026 13:04,2.0921,6.8006
BF3E4-3443,[RH - 28] Entidade: Vetorh - Views NEA e Teletrabalho - TAMANHO: M,SQUAD_7,13/05/2026 07:08,13/05/2026 11:13,13/05/2026 14:51,0.1699,0.1516
BF3E4-345,[MOPAR - 3] Assunto: Claim Master - TAMANHO: M,SQUAD_2,08/04/2026 09:25,23/04/2026 09:41,29/04/2026 16:07,15.0111,6.2684
BF3E4-3473,[RH - 31] Entidade: Vetorh R066sit Online - TAMANHO: P,SQUAD_7,08/05/2026 15:52,08/05/2026 15:52,12/05/2026 10:26,,3.7737
BF3E4-3480,[RH - 32] Entidade: Vetorh R070acc Online - TAMANHO: P,SQUAD_7,08/05/2026 15:49,08/05/2026 15:49,11/05/2026 10:56,,2.7965
BF3E4-3487,[RH - 33] Entidade: Vetorh R086cat Online - TAMANHO: P,SQUAD_7,08/05/2026 13:39,08/05/2026 15:48,09/05/2026 13:58,0.0892,0.9239
BF3E4-3494,[RH - 34] Entidade: Vetorh R066apu (Sequences) - TAMANHO: P,SQUAD_7,08/05/2026 15:47,08/05/2026 15:47,09/05/2026 14:46,,0.9574
BF3E4-3508,[RH - 36] Entidade: ELAW Processos - TAMANHO: M,SQUAD_7,08/05/2026 15:55,19/05/2026 14:22,20/05/2026 10:26,10.9357,0.836
BF3E4-3517,[RH - 37] Entidade: ELAW Bloqueio - TAMANHO: P,SQUAD_7,13/05/2026 14:11,13/05/2026 14:11,14/05/2026 10:58,,0.8657
BF3E4-3523,[RH - 38] Entidade: ELAW Acordo - TAMANHO: M,SQUAD_7,15/05/2026 11:00,18/05/2026 09:14,18/05/2026 14:54,2.9265,0.2355
BF3E4-3539,[RH - 40] Entidade: ELAW Audiência - TAMANHO: M,SQUAD_7,16/05/2026 07:36,16/05/2026 09:48,19/05/2026 08:12,0.0914,2.9336
BF3E4-3548,[RH - 41] Entidade: ELAW Centro de Custo - TAMANHO: M,SQUAD_7,16/05/2026 11:54,18/05/2026 09:13,19/05/2026 11:43,1.888,1.1042
BF3E4-3557,[RH - 42] Entidade: ELAW Decisão - TAMANHO: M,SQUAD_7,16/05/2026 14:14,18/05/2026 08:42,19/05/2026 12:20,1.7695,1.1515
BF3E4-3566,[RH - 43] Entidade: ELAW Garantia - TAMANHO: M,SQUAD_7,18/05/2026 09:15,18/05/2026 10:55,19/05/2026 12:11,0.0697,1.0526
BF3E4-3575,[RH - 44] Entidade: ELAW Levantamento - TAMANHO: P,SQUAD_7,13/05/2026 14:47,13/05/2026 14:47,14/05/2026 12:50,,0.919
BF3E4-3582,[RH - 45] Entidade: ELAW OBF - TAMANHO: P,SQUAD_7,13/05/2026 15:06,13/05/2026 15:06,14/05/2026 15:23,,1.0123
BF3E4-3589,[RH - 46] Entidade: ELAW Pagamento - TAMANHO: P,SQUAD_7,13/05/2026 15:13,13/05/2026 15:13,14/05/2026 16:42,,1.0614
BF3E4-3596,[RH - 47] Entidade: ELAW Pauta - TAMANHO: P,SQUAD_7,13/05/2026 15:26,13/05/2026 15:26,15/05/2026 08:54,,1.7282
BF3E4-3603,[RH - 48] Entidade: ELAW Perícia - TAMANHO: M,SQUAD_7,15/05/2026 10:08,16/05/2026 11:54,19/05/2026 16:54,1.0738,3.2083
BF3E4-3612,[RH - 49] Entidade: ELAW Recebimento - TAMANHO: P,SQUAD_7,13/05/2026 15:47,13/05/2026 15:47,15/05/2026 10:47,,1.7914
BF3E4-3619,[RH - 50] Entidade: ELAW Recurso - TAMANHO: P,SQUAD_7,18/05/2026 09:17,18/05/2026 11:07,19/05/2026 15:57,0.076,1.2018
BF3E4-3626,[RH - 51] Entidade: ELAW Reserva - TAMANHO: P,SQUAD_7,18/05/2026 11:22,18/05/2026 15:28,20/05/2026 09:34,0.1714,1.7535
BF3E4-3635,[RH - 52] Entidade: ELAW Tutela - TAMANHO: P,SQUAD_7,19/05/2026 14:31,19/05/2026 15:12,20/05/2026 10:52,0.0287,0.8192
BF3E4-3642,[RH - 53] Entidade: ELAW Valores Pedidos - TAMANHO: G,SQUAD_7,18/05/2026 15:53,20/05/2026 10:26,21/05/2026 17:32,1.7729,1.2963
BF3E4-3655,[RH - 54] Entidade: ELAW Valores Totais - TAMANHO: P,SQUAD_7,19/05/2026 15:15,20/05/2026 07:29,20/05/2026 14:14,0.6768,0.2812
BF3E4-3713,[RH - 62] Entidade: Absenteismo - TAMANHO: G,SQUAD_7,20/05/2026 10:34,20/05/2026 10:34,23/05/2026 15:03,,3.1866
BF3E4-3728,[RH - 63] Entidade: Org Design Lider Substituto - TAMANHO: P,SQUAD_7,20/05/2026 11:38,21/05/2026 11:47,,1.0058,
BF3E4-3738,[RH - 64] Entidade: People Analytics Restricted R048 - TAMANHO: P,SQUAD_7,20/05/2026 14:06,,,,
BF3E4-3746,[RH - 65] Entidade: Learning - Carga desconhecida - TAMANHO: P,SQUAD_7,21/05/2026 11:33,22/05/2026 09:35,22/05/2026 16:58,0.9179,0.3073
BF3E4-3752,[RH - 66] Entidade: Learning Completed Training (Ano Corrente) - TAMANHO: P,SQUAD_7,20/05/2026 15:02,22/05/2026 09:41,,1.777,
BF3E4-3764,[RH - 67] Entidade: People_Analytics_Restricted - Carga desconhecida - TAMANHO: P,SQUAD_7,,,,,
BF3E4-3770,[RH - 68] Entidade: People_Analytics - Diversity - TAMANHO: P,SQUAD_7,19/05/2026 10:09,19/05/2026 13:36,21/05/2026 16:33,0.1438,2.1233
BF3E4-3785,[RH - 70] Entidade: External Tables - Lote 1 - TAMANHO: G,SQUAD_7,21/05/2026 09:50,,,,
BF3E4-3793,[RH - 71] Entidade: External Tables - Lote 2 - TAMANHO: G,SQUAD_7,20/05/2026 14:23,,,,
BF3E4-3800,[RH - 72] Entidade: External Tables - Lote 3 - TAMANHO: P,SQUAD_7,,,,,
BF3E4-3817,"[SUPPLY CHAIN - 2] Entidade: Movimentos Contábeis - Parte 1: Plantas FAASA, CKD e FIASA - TAMANHO: P",SQUAD_5,27/03/2026 09:32,14/04/2026 10:50,27/04/2026 15:24,18.0545,13.19
BF3E4-3826,"[SUPPLY CHAIN - 3] Entidade: Movimentos Contábeis - Parte 2: Plantas FIRE, JEEP e Mecânica - TAMANHO: M",SQUAD_5,02/04/2026 14:28,17/04/2026 17:32,01/05/2026 17:51,15.1274,14.0134
BF3E4-3837,"[SUPPLY CHAIN - 4] Entidade: Posições de Estoque - Parte 1: Plantas JEEP, FAASA e FIASA - TAMANHO: P",SQUAD_5,02/04/2026 09:43,23/04/2026 10:56,02/05/2026 13:34,21.0511,9.1096
BF3E4-3846,[SUPPLY CHAIN - 5] Entidade: Posições de Estoque - Parte 2: Plantas FIRE e Mecânica - TAMANHO: M,SQUAD_5,02/04/2026 14:28,22/04/2026 17:22,01/05/2026 18:10,20.1204,9.0338
BF3E4-385,[MOPAR - 6] Assunto: CSPS - TAMANHO: M,SQUAD_2,08/04/2026 09:25,01/05/2026 13:19,02/05/2026 20:37,23.1628,1.304
BF3E4-3855,[SUPPLY CHAIN - 6] Entidade: Cadastros e Pedidos Especiais - TAMANHO: M,SQUAD_5,02/04/2026 09:44,29/04/2026 16:58,07/05/2026 14:38,27.3018,7.9028
BF3E4-3870,[SUPPLY CHAIN - 7] Entidade: Notas Fiscais de Entrada - TAMANHO: M,SQUAD_5,01/04/2026 08:15,24/04/2026 11:36,04/05/2026 14:16,23.1394,10.111
BF3E4-3880,[SUPPLY CHAIN - 8] Entidade: Tabelas Mestres - Áreas e Localizações - TAMANHO: M,SQUAD_5,01/04/2026 14:01,29/04/2026 10:56,03/05/2026 12:52,27.8715,4.0808
BF3E4-3895,[SUPPLY CHAIN - 9] Entidade: Views Dimensão - Compartimentos e Unidades - TAMANHO: M,SQUAD_5,02/04/2026 14:29,15/04/2026 11:59,30/04/2026 08:16,12.8959,14.8452
BF3E4-3902,"[SUPPLY CHAIN - 10] Entidade: Etiquetas CIM - Parte 1: Plantas FIAPE, FIASA e Mecânica - TAMANHO: P",SQUAD_5,13/04/2026 16:59,23/04/2026 13:56,02/05/2026 15:23,9.8734,9.0603
BF3E4-3911,[SUPPLY CHAIN - 11] Entidade: Etiquetas CIM - Parte 2: Plantas FIRE e FAASA - TAMANHO: P,SQUAD_5,14/04/2026 09:53,05/05/2026 16:48,06/05/2026 16:31,21.2884,0.9879
BF3E4-3920,[SUPPLY CHAIN - 12] Entidade: Estoque por Desenho - Parte 1: FIASA Histórico e Current - TAMANHO: M,SQUAD_5,14/04/2026 15:50,22/04/2026 09:53,30/04/2026 16:35,7.7521,8.2793
BF3E4-3928,[SUPPLY CHAIN - 13] Entidade: Estoque por Desenho - Parte 2: FIAPE Histórico e Current - TAMANHO: M,SQUAD_5,15/04/2026 10:03,22/04/2026 09:52,04/05/2026 16:06,6.9917,12.2599
BF3E4-3935,[SUPPLY CHAIN - 14] Entidade: Estoque por Desenho - Parte 3: FAASA Histórico e Current - TAMANHO: M,SQUAD_5,15/04/2026 10:50,20/04/2026 18:30,29/04/2026 16:06,5.3193,8.9003
BF3E4-3942,[SUPPLY CHAIN - 15] Entidade: Estoque por Desenho - Parte 4: FIRE e Mecânica - TAMANHO: M,SQUAD_5,16/04/2026 10:11,23/04/2026 16:12,01/05/2026 17:10,7.2508,8.0399
BF3E4-3957,[SUPPLY CHAIN - 16] Entidade: Tabelas Auxiliares e Views Complementares - TAMANHO: G,SQUAD_5,,15/05/2026 12:02,,,
BF3E4-3986,[SUPPLY CHAIN - 18] Entidade: Pedidos Logísticos e Itens - TAMANHO: G,SQUAD_5,18/05/2026 17:22,19/05/2026 17:47,,1.0174,
BF3E4-399,[MOPAR - 7] Assunto: Mopar Results - TAMANHO: M,SQUAD_2,10/04/2026 11:08,30/04/2026 10:07,02/05/2026 00:54,19.9573,1.616
BF3E4-4002,[SUPPLY CHAIN - 19] Entidade: Inventário - Cabeçalho e Lotes - TAMANHO: G,SQUAD_5,06/05/2026 17:00,15/05/2026 15:34,18/05/2026 19:45,8.9401,3.1745
BF3E4-4016,[SUPPLY CHAIN - 20] Entidade: Inventário - Itens e Leituras - TAMANHO: G,SQUAD_5,11/05/2026 12:16,14/05/2026 18:19,19/05/2026 15:12,3.2519,4.8699
BF3E4-4065,[SUPPLY CHAIN - 24] Entidade: QRCode e Repicking - TAMANHO: G,SQUAD_5,11/05/2026 10:12,15/05/2026 15:14,23/05/2026 13:18,4.2095,7.9193
BF3E4-409,[MOPAR - 8] Assunto: NDC - Parte 1 (Tabelas 1-4) - TAMANHO: G,SQUAD_2,15/04/2026 12:25,22/04/2026 11:03,07/05/2026 18:15,6.9426,15.2998
BF3E4-4091,[SUPPLY CHAIN - 26] Entidade: Estado dos Conjuntos (SSOLQ051) - TAMANHO: P,SQUAD_5,24/04/2026 10:02,04/05/2026 17:02,05/05/2026 17:32,10.2922,1.0208
BF3E4-4112,[SUPPLY CHAIN - 28] Entidade: Cadastro de Desenhos por Estabelecimento (SSOLQ068) - TAMANHO: M,SQUAD_5,28/04/2026 16:05,04/05/2026 18:06,05/05/2026 14:42,6.0837,0.8587
BF3E4-4133,[SUPPLY CHAIN - 30] Entidade: Giro Diário de Consumo de Peças (SSOLQ110) - TAMANHO: M,SQUAD_5,24/04/2026 16:40,30/04/2026 18:45,04/05/2026 13:39,6.0871,3.7878
BF3E4-4148,[SUPPLY CHAIN - 32] Entidade: Consumos S-1 e Necessidades Brutas (SSOLQ134) - TAMANHO: P,SQUAD_5,05/05/2026 09:45,06/05/2026 09:56,06/05/2026 19:17,1.0078,0.3894
BF3E4-4155,"[SUPPLY CHAIN - 33] Entidade: Produtos Acabados e Desenhos - Carga Diária (SSOLQ144, SSOLQ145) - TAMANHO: G",SQUAD_5,01/05/2026 12:40,06/05/2026 13:33,07/05/2026 13:53,5.0364,1.0139
BF3E4-4190,[SUPPLY CHAIN - 35] Entidade: Desenhos Calculados por Seção (SSOLQ150) - TAMANHO: P,SQUAD_5,12/05/2026 10:01,15/05/2026 16:42,,3.278,
BF3E4-4221,[SUPPLY CHAIN - 37] Entidade: Dimensões Básicas de Estoque - TAMANHO: P,SQUAD_5,06/05/2026 16:23,08/05/2026 16:08,08/05/2026 19:41,1.9895,0.1483
BF3E4-4227,[SUPPLY CHAIN - 38] Entidade: Indicadores e Causal - TAMANHO: P,SQUAD_5,07/05/2026 14:50,09/05/2026 15:08,09/05/2026 18:29,2.0121,0.1398
BF3E4-4232,[SUPPLY CHAIN - 39] Entidade: Staging - Dados Brutos SAP e IMS - TAMANHO: M,SQUAD_5,08/05/2026 15:26,11/05/2026 08:36,11/05/2026 20:20,2.7151,0.4892
BF3E4-4241,[SUPPLY CHAIN - 40] Entidade: Estoque Material e Saldo SAP - TAMANHO: M,SQUAD_5,07/05/2026 12:17,08/05/2026 17:24,11/05/2026 15:47,1.2132,2.9326
BF3E4-4252,[SUPPLY CHAIN - 41] Entidade: Apontamentos e Material em Trânsito - TAMANHO: M,SQUAD_5,20/05/2026 09:57,,,,
BF3E4-4263,[SUPPLY CHAIN - 42] Entidade: Estoque Viajante e Views Consolidadas - TAMANHO: P,SQUAD_5,24/04/2026 11:07,07/05/2026 12:15,09/05/2026 11:02,13.0476,1.9491
BF3E4-4291,[SUPPLY CHAIN - 46] Entidade: Itens de Nota Fiscal e Movimentação - TAMANHO: M,SQUAD_5,,11/05/2026 15:10,14/05/2026 09:32,,2.7656
BF3E4-4313,[SUPPLY CHAIN - 48] Entidade: Ingestão RTM e LTP - Event-Driven - TAMANHO: M,SQUAD_5,09/05/2026 10:11,16/05/2026 11:51,21/05/2026 20:08,7.0695,5.3452
BF3E4-4323,[SUPPLY CHAIN - 49] Entidade: Ingestão Part Dump A9 - Orchestrated DataStage - TAMANHO: M,SQUAD_5,27/04/2026 09:15,07/05/2026 12:17,08/05/2026 10:27,10.127,0.9236
BF3E4-4331,[SUPPLY CHAIN - 50] Entidade: Ingestão Flow - Parte 1 (Cálculo Previsional e CBA) - TAMANHO: G,SQUAD_5,11/05/2026 18:25,,,,
BF3E4-4343,[SUPPLY CHAIN - 51] Entidade: Ingestão Flow - Parte 2 (CBH e Months Rolling) - TAMANHO: G,SQUAD_5,13/05/2026 10:58,15/05/2026 20:30,,2.3976,
BF3E4-435,[MOPAR - 10] Assunto: NDC - Parte 3 - TAMANHO: M,SQUAD_2,08/04/2026 09:26,22/04/2026 10:31,03/05/2026 19:59,14.0453,11.3946
BF3E4-4363,[SUPPLY CHAIN - 53] Entidade: Views Consolidadas e Analíticas Avançadas - TAMANHO: P,SQUAD_5,13/05/2026 22:14,18/05/2026 17:44,,4.8121,
BF3E4-4377,[SUPPLY CHAIN - 55] Entidade: Ativação e Aprovação AVA SPOT - TAMANHO: M,SQUAD_5,,19/05/2026 09:21,24/05/2026 08:32,,4.9661
BF3E4-4386,[SUPPLY CHAIN - 56] Entidade: Yard Truck - Movimentação de Veículos - TAMANHO: P,SQUAD_5,12/05/2026 10:11,16/05/2026 15:06,20/05/2026 17:46,4.205,4.1107
BF3E4-4392,[SUPPLY CHAIN - 57] Entidade: Rastreamento Real-Time via Pub/Sub - TAMANHO: M,SQUAD_5,12/05/2026 09:47,13/05/2026 09:25,,0.9847,
BF3E4-4402,[SUPPLY CHAIN - 58] Entidade: Outbound Transporte Batch via DataStage - TAMANHO: P,SQUAD_5,12/05/2026 09:19,,,,
BF3E4-4409,[SUPPLY CHAIN - 59] Entidade: Processamento Delta Chegadas e Views Especializadas - TAMANHO: M,SQUAD_5,13/05/2026 09:25,19/05/2026 09:26,,6.0006,
BF3E4-4417,[SUPPLY CHAIN - 60] Entidade: Carga Base RapidResponse - Hierarquias e Descrições - TAMANHO: G,SQUAD_5,,,,,
BF3E4-4430,[SUPPLY CHAIN - 61] Entidade: Cadastros de Canais e Subcanais - TAMANHO: M,SQUAD_5,,,,,
BF3E4-4437,"[SUPPLY CHAIN - 62] Entidade: Planejamento Operacional - Parte 1 (OSS, PSA, Confirmado) - TAMANHO: G",SQUAD_5,,,,,
BF3E4-445,[MOPAR - 11] Assunto: SCP - Parte 1 (Garantia SG e Item) - TAMANHO: M,SQUAD_2,,28/04/2026 19:18,11/05/2026 23:20,,13.1683
BF3E4-4458,[SUPPLY CHAIN - 63] Entidade: Planejamento Operacional - Parte 2 (Geral e Volume Indústria) - TAMANHO: M,SQUAD_5,,,,,
BF3E4-4473,[SUPPLY CHAIN - 64] Entidade: Planejamento Assegnazione e Emplacamento - TAMANHO: M,SQUAD_5,,,,,
BF3E4-4488,[SUPPLY CHAIN - 65] Entidade: Lista Mestre Pokey e Produto A13 - TAMANHO: M,SQUAD_5,,,,,
BF3E4-4503,[SUPPLY CHAIN - 66] Entidade: Dados Atuais e Emissão CO2 - Export Files - TAMANHO: M,SQUAD_5,,,,,
BF3E4-4515,[SUPPLY CHAIN - 67] Entidade: Comprovação Eletrônica de Entrega - EPOD Completo - TAMANHO: G,SQUAD_5,20/05/2026 08:15,,,,
BF3E4-456,[MOPAR - 12] Assunto: SCP - Parte 2 (Operação e Peça) - TAMANHO: M,SQUAD_2,22/04/2026 09:56,29/04/2026 10:13,04/05/2026 12:58,7.0121,5.1144
BF3E4-4621,[SUPPLY CHAIN - 77] Entidade: Consolidação Principal - tb_actual e View Base - TAMANHO: P,SQUAD_5,18/05/2026 14:04,,,,
BF3E4-4628,[SUPPLY CHAIN - 78] Entidade: Wholesales NAFTA ROL - Carga Delta e Views - TAMANHO: P,SQUAD_5,19/05/2026 15:39,20/05/2026 17:23,23/05/2026 12:56,1.0726,2.8146
BF3E4-4635,[SUPPLY CHAIN - 79] Entidade: Views Planejamento - Budget Forecast e Estimativas - TAMANHO: M,SQUAD_5,,,,,
BF3E4-4644,[SUPPLY CHAIN - 80] Entidade: Views NAFTA - Dimensões Veículos e Produtos - TAMANHO: M,SQUAD_5,18/05/2026 10:11,19/05/2026 15:43,,1.2308,
BF3E4-4660,[SUPPLY CHAIN - 82] Entidade: Eventos e Pedidos Comerciais - TAMANHO: P,SQUAD_5,18/05/2026 08:15,,,,
BF3E4-4666,[SUPPLY CHAIN - 83] Entidade: Indicadores FCO - TAMANHO: M,SQUAD_5,16/05/2026 08:45,,,,
BF3E4-467,[MOPAR - 13] Assunto: SCP - Parte 3 (Débitos) - TAMANHO: M,SQUAD_2,22/04/2026 10:31,28/04/2026 12:45,04/05/2026 12:51,6.0927,6.0044
BF3E4-4674,[SUPPLY CHAIN - 84] Entidade: Estoque OEM e Dealer - TAMANHO: G,SQUAD_5,,,,,
BF3E4-4685,[SUPPLY CHAIN - 85] Entidade: KPIs de Vendas e Produção - TAMANHO: M,SQUAD_5,19/05/2026 17:24,,,,
BF3E4-4694,[SHARED SERVICES - 1] Entidade: Rubi - Empresas e Filiais - Parte 1 (Cadastros Principais) - TAMANHO: G,SQUAD_4,24/03/2026 10:25,14/04/2026 10:13,23/04/2026 13:31,20.9916,9.1374
BF3E4-4709,[SHARED SERVICES - 2] Entidade: Rubi - Calendário e Feriados - TAMANHO: P,SQUAD_4,01/04/2026 10:01,,10/04/2026 09:54,,
BF3E4-4714,[SHARED SERVICES - 3] Entidade: Rubi - Escalas e Eventos de Folha - TAMANHO: G,SQUAD_4,30/03/2026 15:48,10/04/2026 15:33,24/04/2026 17:38,10.9897,14.0866
BF3E4-4726,[SHARED SERVICES - 4] Entidade: Rubi - Situações e Sindicatos - TAMANHO: G,SQUAD_4,01/04/2026 10:06,10/04/2026 15:34,24/04/2026 10:41,9.2277,13.7964
BF3E4-4737,[SHARED SERVICES - 5] Entidade: Rubi - Estrutura Organizacional (Organograma) - TAMANHO: G,SQUAD_4,01/04/2026 10:19,14/04/2026 10:33,27/04/2026 15:38,13.0099,13.2112
BF3E4-4750,"[SHARED SERVICES - 6] Entidade: Rubi - Postos de Trabalho, Centros de Custo e Deficiências - TAMANHO: G",SQUAD_4,01/04/2026 10:21,27/04/2026 10:15,28/04/2026 14:03,25.9955,1.1585
BF3E4-4762,"[SHARED SERVICES - 7] Entidade: Rubi - Cadastros de Grau de Instrução, Vínculos e Nacionalidades - TAMANHO: G",SQUAD_4,31/03/2026 15:25,10/04/2026 15:35,24/04/2026 17:35,10.0069,14.0836
BF3E4-4775,[SHARED SERVICES - 8] Entidade: Rubi - Cargos e CBO (Classificação Brasileira de Ocupações) - TAMANHO: M,SQUAD_4,31/03/2026 17:03,10/04/2026 15:35,16/04/2026 16:55,9.9392,6.055
BF3E4-478,[MOPAR - 14] Assunto: Sell IN xF e xP - TAMANHO: G,SQUAD_2,30/04/2026 09:53,05/05/2026 09:20,06/05/2026 12:06,4.9767,1.1158
BF3E4-4783,[SHARED SERVICES - 9] Entidade: Rubi - FPAS e Terceiros (Previdência Social) - TAMANHO: G,SQUAD_4,09/04/2026 15:11,10/04/2026 15:38,28/04/2026 15:42,1.0188,18.0028
BF3E4-4792,[SHARED SERVICES - 10] Entidade: Rubi - Empresas e Filiais - Parte 2 (Liminares) - TAMANHO: G,SQUAD_4,01/04/2026 10:22,10/04/2026 15:36,29/04/2026 10:04,9.2181,18.7693
BF3E4-4806,[SHARED SERVICES - 11] Entidade: Rubi - Empresas e Filiais - Parte 3 (Views Analíticas Restantes) - TAMANHO: M,SQUAD_4,09/04/2026 11:04,15/04/2026 10:12,24/04/2026 09:15,5.9637,8.9602
BF3E4-4813,[SHARED SERVICES - 12] Entidade: Rubi - Outras Empresas e Anuidades de Colaboradores - TAMANHO: M,SQUAD_4,01/04/2026 09:34,10/04/2026 15:37,28/04/2026 09:22,9.2515,17.74
BF3E4-4823,[SHARED SERVICES - 13] Entidade: Rubi - Ficha Complementar e Informações de Estágio - TAMANHO: M,SQUAD_4,09/04/2026 11:55,15/04/2026 10:09,28/04/2026 15:33,5.9262,13.2255
BF3E4-4835,[SHARED SERVICES - 14] Entidade: Rubi - Percentuais Livres do Empregado - TAMANHO: P,SQUAD_4,01/04/2026 11:23,13/04/2026 10:03,30/04/2026 10:19,11.9446,17.0116
BF3E4-4842,[SHARED SERVICES - 15] Entidade: Rubi - Ficha Básica do Colaborador - TAMANHO: G,SQUAD_4,,22/04/2026 09:29,01/05/2026 15:13,,9.2387
BF3E4-4855,[SHARED SERVICES - 16] Entidade: Rubi - Históricos de Colaboradores - Parte 1 - TAMANHO: G,SQUAD_4,13/04/2026 10:11,24/04/2026 09:39,30/04/2026 12:28,10.9778,6.1174
BF3E4-4869,[SHARED SERVICES - 17] Entidade: Rubi - Históricos de Colaboradores - Parte 2 - TAMANHO: G,SQUAD_4,13/04/2026 13:29,27/04/2026 10:24,11/05/2026 13:02,13.871,14.1099
BF3E4-4883,[SHARED SERVICES - 18] Entidade: Rubi - Históricos de Colaboradores - Parte 3 - TAMANHO: G,SQUAD_4,13/04/2026 13:08,14/04/2026 11:36,30/04/2026 10:52,0.9358,15.9695
BF3E4-4897,[SHARED SERVICES - 19] Entidade: Rubi - Históricos de Colaboradores - Parte 4 - TAMANHO: G,SQUAD_4,14/04/2026 10:27,14/04/2026 10:31,30/04/2026 18:09,,16.3184
BF3E4-4907,[SHARED SERVICES - 20] Entidade: Rubi - Afastamentos de Colaboradores - TAMANHO: P,SQUAD_4,08/04/2026 17:29,29/04/2026 18:07,30/04/2026 12:08,21.0264,0.7502
BF3E4-4915,[SHARED SERVICES - 21] Entidade: Rubi - Férias - Parte 1 (Recibos e Períodos) - TAMANHO: M,SQUAD_4,17/04/2026 09:04,22/04/2026 10:08,29/04/2026 16:55,5.0448,7.2825
BF3E4-4933,[SHARED SERVICES - 23] Entidade: Rubi - Causas de Demissão - TAMANHO: P,SQUAD_4,10/04/2026 15:28,13/04/2026 10:24,28/04/2026 09:08,2.7891,14.9471
BF3E4-4940,[SHARED SERVICES - 24] Entidade: Rubi - Rescisão - Parte 1 (Mestre e Complementar) - TAMANHO: M,SQUAD_4,14/04/2026 10:35,14/04/2026 10:35,01/05/2026 08:02,,16.8933
BF3E4-4950,[SHARED SERVICES - 25] Entidade: Rubi - Rescisão - Parte 2 (Eventos) - TAMANHO: M,SQUAD_4,14/04/2026 13:23,04/05/2026 13:34,04/05/2026 14:26,20.0079,0.0363
BF3E4-4958,[SHARED SERVICES - 26] Entidade: Rubi - Códigos de Cálculo - TAMANHO: P,SQUAD_4,14/04/2026 10:30,14/04/2026 10:30,28/04/2026 18:34,,14.336
BF3E4-4965,[SHARED SERVICES - 27] Entidade: Rubi - Movimento para Folha - TAMANHO: M,SQUAD_4,13/04/2026 10:10,15/04/2026 13:39,29/04/2026 15:14,2.1454,14.0661
BF3E4-4972,[SHARED SERVICES - 28] Entidade: Rubi - Informações Demonstrativo Pagamento - TAMANHO: P,SQUAD_4,13/04/2026 16:07,14/04/2026 14:18,29/04/2026 10:55,0.9243,14.8592
BF3E4-4976,[SHARED SERVICES - 29] Entidade: Rubi - Ficha Financeira (PARTICIONADA CRÍTICA) - TAMANHO: G,SQUAD_4,17/04/2026 12:00,04/05/2026 14:07,05/05/2026 17:09,17.0881,1.1259
BF3E4-4987,[SHARED SERVICES - 30] Entidade: Rubi - Códigos Lançamento Contábil e Naturezas de Despesa - TAMANHO: M,SQUAD_4,13/04/2026 16:27,13/04/2026 16:28,30/04/2026 18:08,,17.0696
BF3E4-4997,[SHARED SERVICES - 31] Entidade: Rubi - Contabilização (PARTICIONADA) - TAMANHO: M,SQUAD_4,14/04/2026 13:06,22/04/2026 09:12,30/04/2026 13:43,7.8375,8.1878
BF3E4-5005,"[SHARED SERVICES - 32] Entidade: Rubi - Dados Geográficos (Bairros, Cidades, Países) - TAMANHO: G",SQUAD_4,15/04/2026 08:52,16/04/2026 17:13,01/05/2026 18:38,1.3479,15.0593
BF3E4-501,[MOPAR - 16] Assunto: Veiculo Conectado - TAMANHO: G,SQUAD_2,05/05/2026 09:50,12/05/2026 16:42,15/05/2026 21:17,7.2859,3.1912
BF3E4-5018,[SHARED SERVICES - 33] Entidade: Rubi - Motivos de Movimentação - TAMANHO: P,SQUAD_4,14/04/2026 15:10,15/04/2026 10:09,29/04/2026 10:50,0.791,14.0287
BF3E4-5025,[SHARED SERVICES - 34] Entidade: Rubi - Ficha Médica e Deficiências - TAMANHO: M,SQUAD_4,14/04/2026 16:11,27/04/2026 10:26,01/05/2026 08:19,12.7603,3.9121
BF3E4-5035,[SHARED SERVICES - 35] Entidade: Rubi - eSocial - Pendências - TAMANHO: P,SQUAD_4,14/04/2026 14:08,15/04/2026 10:11,29/04/2026 17:20,0.8353,14.2977
BF3E4-5042,[SHARED SERVICES - 36] Entidade: Rubi - eSocial - Status (PARTICIONADAS STAGING) - TAMANHO: M,SQUAD_4,15/04/2026 08:11,15/05/2026 10:32,21/05/2026 11:42,30.098,6.0485
BF3E4-5052,[SHARED SERVICES - 37] Entidade: Rubi - Listas Definidas pelo Usuário - TAMANHO: M,SQUAD_4,15/04/2026 11:54,16/04/2026 14:14,01/05/2026 15:53,1.0973,15.0689
BF3E4-5062,[SHARED SERVICES - 38] Entidade: Rubi - Tabelas Usuário - Crédito Bancário - TAMANHO: G,SQUAD_4,20/04/2026 09:42,14/05/2026 14:35,15/05/2026 10:41,24.204,0.8373
BF3E4-5074,[SHARED SERVICES - 39] Entidade: Rubi - Tabelas Usuário - Cronograma e Registro de Encargos - TAMANHO: G,SQUAD_4,20/04/2026 13:54,05/05/2026 17:13,11/05/2026 15:43,15.1382,5.9374
BF3E4-5088,[SHARED SERVICES - 40] Entidade: Rubi - Views Analíticas RH - Parte 1 - TAMANHO: M,SQUAD_4,17/04/2026 11:25,13/05/2026 15:20,13/05/2026 15:55,26.1634,0.0239
BF3E4-5097,[SHARED SERVICES - 41] Entidade: Rubi - Views Analíticas Especiais e Integração Qlik - TAMANHO: M,SQUAD_4,15/04/2026 17:01,,11/05/2026 15:42,,
BF3E4-5102,[SHARED SERVICES - 42] Entidade: Rubi - Tabelas Schema-Only / GTS Analytics - TAMANHO: G,SQUAD_4,29/04/2026 08:54,12/05/2026 10:56,13/05/2026 11:33,13.0848,1.0256
BF3E4-5114,[SHARED SERVICES - 43] Entidade: Rubi - Tabelas Schema-Only - Lote 2 - TAMANHO: G - DAG: data-lake-hrc-sharedservices-rubi-gts-analytics,SQUAD_4,27/04/2026 09:12,14/05/2026 13:16,19/05/2026 14:20,17.1692,5.0448
BF3E4-5124,[SHARED SERVICES - 44] Entidade: CIC - Controle de Compensação - TAMANHO: P,SQUAD_4,20/05/2026 15:30,,,,
BF3E4-5133,[SHARED SERVICES - 45] Entidade: Egate - Notas Fiscais de Serviço e Gestão BP - TAMANHO: M,SQUAD_4,05/05/2026 14:58,06/05/2026 15:54,07/05/2026 09:23,1.0394,0.7282
BF3E4-5141,[SHARED SERVICES - 46] Entidade: Egate - Movimentação e Entrada de Notas - TAMANHO: P,SQUAD_4,29/04/2026 15:26,14/05/2026 10:03,18/05/2026 11:23,14.7757,4.0557
BF3E4-5147,[SHARED SERVICES - 47] Entidade: Egate - Complemento de Preço e Garantias - TAMANHO: P,SQUAD_4,04/05/2026 11:12,06/05/2026 09:47,06/05/2026 15:28,1.9409,0.2367
BF3E4-5154,[SHARED SERVICES - 48] Entidade: Egate - Refaturamento - TAMANHO: P,SQUAD_4,22/04/2026 09:22,05/05/2026 11:57,06/05/2026 14:28,13.1075,1.1052
BF3E4-5159,[SHARED SERVICES - 49] Entidade: Logs de SLA de Itens - Portal GT - TAMANHO: P,SQUAD_4,20/05/2026 10:53,,,,
BF3E4-5181,[SHARED SERVICES - 52] Entidade: Tabelas Manuais - TAMANHO: P,SQUAD_4,15/05/2026 15:52,,,,
BF3E4-5186,"[SHARED SERVICES - 53] Entidade: Workday - Dados Pessoais, Remuneração, Benefícios e Financeiro - Ingestão Base - TAMANHO: G",SQUAD_4,14/05/2026 17:06,19/05/2026 17:40,,5.0239,
BF3E4-5200,[SHARED SERVICES - 54] Entidade: Workday - Contratação e Organização - Ingestão Base - TAMANHO: G,SQUAD_4,14/05/2026 17:06,19/05/2026 17:32,,5.0178,
BF3E4-521,[MOPAR - 18] Assunto: Ingestão Staging - Claims e Erros SG - TAMANHO: P,SQUAD_2,28/04/2026 14:27,30/04/2026 10:12,02/05/2026 12:17,1.8227,2.0865
BF3E4-5213,"[SHARED SERVICES - 55] Entidade: Workday - Dados Pessoais, Remuneração, Benefícios e Financeiro - Views Analíticas - TAMANHO: M",SQUAD_4,08/05/2026 11:32,20/05/2026 11:33,22/05/2026 19:20,12.0009,2.3245
BF3E4-5221,[SHARED SERVICES - 56] Entidade: Workday - Views Normalized - Dados Pessoais Parte 1 - TAMANHO: G,SQUAD_4,11/05/2026 11:17,12/05/2026 14:40,13/05/2026 15:16,1.1409,1.0249
BF3E4-5242,[SHARED SERVICES - 58] Entidade: Workday - Views Normalized - Estrutura Organizacional Parte 1 - TAMANHO: G,SQUAD_4,08/05/2026 14:34,12/05/2026 14:38,13/05/2026 12:34,4.0027,0.914
BF3E4-5251,[SHARED SERVICES - 59] Entidade: Workday - Views Normalized - Estrutura Organizacional Parte 2 - TAMANHO: M,SQUAD_4,08/05/2026 16:24,14/05/2026 11:42,,5.8041,
BF3E4-5259,[SHARED SERVICES - 60] Entidade: Workday - Views Normalized - Movimentação de Pessoal Parte 1 - TAMANHO: G,SQUAD_4,08/05/2026 17:11,20/05/2026 15:08,22/05/2026 18:17,11.9145,2.1316
BF3E4-5269,[SHARED SERVICES - 61] Entidade: Workday - Views Normalized - Movimentação de Pessoal Parte 2 - TAMANHO: G,SQUAD_4,13/05/2026 13:30,14/05/2026 16:07,22/05/2026 16:28,1.109,8.0147
BF3E4-5279,[SHARED SERVICES - 62] Entidade: Workday - Views Normalized - Remuneração Parte 1 - TAMANHO: G,SQUAD_4,13/05/2026 15:17,14/05/2026 16:18,21/05/2026 19:46,1.0425,7.1444
BF3E4-528,[MOPAR - 19] Assunto: Ingestão Staging - User Parameters Flow API - TAMANHO: G,SQUAD_2,28/04/2026 11:05,06/05/2026 08:32,06/05/2026 12:29,7.8936,0.1647
BF3E4-5289,[SHARED SERVICES - 63] Entidade: Workday - Views Normalized - Remuneração Parte 2 - TAMANHO: P,SQUAD_4,08/05/2026 11:09,08/05/2026 17:44,12/05/2026 09:16,0.2745,3.6473
BF3E4-5295,[SHARED SERVICES - 64] Entidade: Workday - Views Normalized - Benefícios Parte 1 - TAMANHO: G DAG: data-lake-hrc-sharedservices-workday-benefits-data,SQUAD_4,14/05/2026 09:59,22/05/2026 15:35,,8.2335,
BF3E4-5306,[SHARED SERVICES - 65] Entidade: Workday - Views Normalized - Desligamento - TAMANHO: P,SQUAD_1,09/04/2026 16:15,22/04/2026 09:27,23/04/2026 09:17,12.7167,0.9935
BF3E4-5312,[SHARED SERVICES - 66] Entidade: Workday - Views Analytics - Remuneração e Desligamento - TAMANHO: M,SQUAD_1,28/04/2026 23:08,28/04/2026 23:20,30/04/2026 14:14,0.0081,1.6211
BF3E4-5316,"[SHARED SERVICES - 67] Entidade: SOI - Tabelas Base (Family Members, PLM, WT8) - TAMANHO: P",SQUAD_1,22/04/2026 10:47,22/04/2026 15:21,23/04/2026 11:31,0.19,0.8402
BF3E4-5322,"[SHARED SERVICES - 68] Entidade: SOI - Tabelas Particionadas (Basic Data, Local Data, Actions) - TAMANHO: P",SQUAD_1,22/04/2026 13:00,27/04/2026 11:46,30/04/2026 14:48,4.9489,3.1259
BF3E4-5363,[SHARED SERVICES - 72] Entidade: SOI - Tabelas de Staging (Schema Only) - Parte 4 - TAMANHO: G,SQUAD_1,22/04/2026 13:00,27/04/2026 14:24,30/04/2026 18:02,5.0589,3.1512
BF3E4-5368,[SHARED SERVICES - 73] Entidade: SOI - Views Base (Check Grupo FCA) - TAMANHO: P,SQUAD_1,22/04/2026 13:02,30/04/2026 10:16,30/04/2026 18:30,7.8849,0.3429
BF3E4-5373,[SHARED SERVICES - 74] Entidade: SOI - Views Primárias FCA_RH_SOI - Parte 1 (PSA e Dados Base) - TAMANHO: G,SQUAD_1,22/04/2026 13:02,30/04/2026 10:16,01/05/2026 15:37,7.8848,1.2229
BF3E4-5386,[SHARED SERVICES - 75] Entidade: SOI - Views Primárias FCA_RH_SOI - Parte 2 (Basic Data) - TAMANHO: M,SQUAD_1,,02/05/2026 17:06,03/05/2026 20:10,,1.1278
BF3E4-5394,[SHARED SERVICES - 76] Entidade: SOI - Views de Validação e Check - TAMANHO: M,SQUAD_1,22/04/2026 16:14,01/05/2026 14:59,05/05/2026 07:35,8.948,3.6916
BF3E4-5402,[SHARED SERVICES - 77] Entidade: SOI - Views de Employee Data - TAMANHO: M,SQUAD_1,22/04/2026 15:28,05/05/2026 13:35,05/05/2026 16:14,12.9213,0.1103
BF3E4-541,"[MOPAR - 20] Assunto: Ingestão Staging - IRPV, Red Dealers e Devoluções - TAMANHO: M",SQUAD_2,28/04/2026 17:59,29/04/2026 19:07,04/05/2026 16:46,1.0468,4.9021
BF3E4-5423,[SHARED SERVICES - 80] Entidade: SOI - Views Stellantis Employee - Parte 2 (Especializadas) - TAMANHO: G,SQUAD_1,29/04/2026 09:53,03/05/2026 19:57,06/05/2026 10:48,4.4196,2.6185
BF3E4-5434,"[SHARED SERVICES - 81] Entidade: SOI - Views Stellantis Especiais (FLUA, Apps, Manufatura) - TAMANHO: G",SQUAD_1,02/05/2026 11:31,05/05/2026 16:19,11/05/2026 12:14,3.2001,5.8299
BF3E4-5451,[SHARED SERVICES - 83] Entidade: SOI - Views Analíticas de Consumo (Datasets Especializados) - TAMANHO: G,SQUAD_1,28/04/2026 08:15,04/05/2026 16:21,07/05/2026 16:41,6.337,3.0143
BF3E4-5470,[SHARED SERVICES - 85] Entidade: CROSS - Views de Budget e Forecast - TAMANHO: P,SQUAD_1,23/04/2026 21:50,23/04/2026 22:10,04/05/2026 12:26,0.0145,10.5939
BF3E4-5475,[SHARED SERVICES - 86] Entidade: CROSS - Views de Employee Data e People Analytics - TAMANHO: M,SQUAD_1,28/04/2026 15:26,06/05/2026 17:08,08/05/2026 14:46,8.0705,1.9015
BF3E4-5482,[SHARED SERVICES - 87] Entidade: HandsOn - Tabelas Base Handson (Formulários) - TAMANHO: M,SQUAD_1,05/05/2026 17:03,07/05/2026 11:30,08/05/2026 08:56,1.7683,0.8929
BF3E4-5489,[SHARED SERVICES - 89] Entidade: HandsOn - Tabelas de Processos Digitais (Offboarding) - TAMANHO: G,SQUAD_1,06/05/2026 10:05,13/05/2026 13:56,22/05/2026 11:59,7.1603,8.9186
BF3E4-5502,[SHARED SERVICES - 90] Entidade: HandsOn - Tabelas de Segurança (Security Card) - TAMANHO: M,SQUAD_1,07/05/2026 09:33,20/05/2026 15:08,21/05/2026 14:58,13.2326,0.9928
BF3E4-5508,"[SHARED SERVICES - 91] Entidade: HandsOn - Dados Demográficos (Etnia, Gênero, Nome Social) - TAMANHO: G",SQUAD_1,07/05/2026 14:10,12/05/2026 15:43,15/05/2026 10:11,5.065,2.7694
BF3E4-5522,[SHARED SERVICES - 92] Entidade: HandsOn - Processos Digitais Gerais - TAMANHO: P,SQUAD_1,09/05/2026 10:32,20/05/2026 17:38,22/05/2026 14:34,11.296,1.8722
BF3E4-5529,[SHARED SERVICES - 93] Entidade: HandsOn - Dados PWD (Pessoa com Deficiência) - TAMANHO: M,SQUAD_1,09/05/2026 10:01,14/05/2026 11:09,18/05/2026 09:46,5.0472,3.9423
BF3E4-5537,[SHARED SERVICES - 94] Entidade: HandsOn - Tabelas Formulário Alternativas - TAMANHO: P,SQUAD_1,06/05/2026 10:05,13/05/2026 11:22,14/05/2026 16:02,7.0533,1.1948
BF3E4-5544,[SHARED SERVICES - 95] Entidade: HandsOn - Views de Controle e Variações - TAMANHO: P,SQUAD_1,06/05/2026 09:32,20/05/2026 17:38,23/05/2026 11:04,14.3375,2.7264
BF3E4-5550,[SHARED SERVICES - 96] Entidade: HandsOn - Views de Integração HRIS - TAMANHO: P,SQUAD_1,06/05/2026 09:32,21/05/2026 11:45,22/05/2026 17:13,15.0926,1.2275
BF3E4-5555,[SHARED SERVICES - 97] Entidade: HandsOn - Views de Integração HS Security Card - TAMANHO: P,SQUAD_1,10/05/2026 18:09,21/05/2026 11:57,,10.7416,
BF3E4-556,[MOPAR - 21] Assunto: Ingestão Staging - Carga Fria e RAM - TAMANHO: P,SQUAD_2,29/04/2026 10:15,05/05/2026 09:42,06/05/2026 11:36,5.9775,1.0787
BF3E4-5591,[SHARED SERVICES - 102] Entidade: CROSS - Views de Serviços Especializados - TAMANHO: M,SQUAD_1,06/05/2026 18:31,10/05/2026 17:53,11/05/2026 11:12,3.9734,0.7214
BF3E4-5599,"[SHARED SERVICES - 103] Entidade: COMPENSATION - Views de Budget, Espelho Contábil e Funcionários - TAMANHO: M",SQUAD_1,10/05/2026 18:03,10/05/2026 18:03,12/05/2026 13:50,,1.8248
BF3E4-5605,"[SHARED SERVICES - 104] Entidade: COMPENSATION - Views Especializadas (Benefits, Horas Extras, Saturation) - TAMANHO: M",SQUAD_1,06/05/2026 09:38,15/05/2026 15:42,18/05/2026 16:26,9.2532,3.0302
BF3E4-5619,[SHARED SERVICES - 107] Entidade: ENDUSER - Views de Headcount e Turnover - TAMANHO: M,SQUAD_1,12/05/2026 09:46,,,,
BF3E4-5624,[SHARED SERVICES - 108] Entidade: HRBP - View de People Analytics Employee Data - TAMANHO: P,SQUAD_1,05/05/2026 09:39,06/05/2026 19:29,07/05/2026 18:19,1.41,0.951
BF3E4-563,[MOPAR - 22] Assunto: SG Liquidadas - Principal e Itens - TAMANHO: G,SQUAD_2,27/04/2026 09:02,12/05/2026 14:26,15/05/2026 10:38,15.2252,2.8417
BF3E4-5636,[SHARED SERVICES - 111] Entidade: LABOUR RELATIONS - View de CBO Cota Aprendiz - TAMANHO: P,SQUAD_1,12/05/2026 14:19,12/05/2026 14:21,15/05/2026 11:27,,2.8788
BF3E4-5671,[SHARED SERVICES - 118] Entidade: TALENT ACQUISITION - View de Turnover - TAMANHO: P,SQUAD_1,12/05/2026 10:23,12/05/2026 15:55,13/05/2026 10:28,0.2307,0.7729
BF3E4-5705,[SHARED SERVICES - 123] Entidade: Tabelas Manuais - FSE_HR e FSE_HRS - TAMANHO: G,SQUAD_1,15/05/2026 09:20,22/05/2026 09:23,23/05/2026 18:59,7.0022,1.3995
BF3E4-5717,[SHARED SERVICES - 124] Entidade: Tabelas Manuais - FSE_HRS - TAMANHO: G,SQUAD_1,14/05/2026 22:33,21/05/2026 09:10,22/05/2026 20:05,6.4424,1.4546
BF3E4-5729,[SHARED SERVICES - 125] Entidade: Tabelas Manuais - FSE_HRS Lote 2 - TAMANHO: G,SQUAD_1,14/05/2026 11:18,19/05/2026 09:19,20/05/2026 16:58,4.9172,1.3192
BF3E4-5739,[SHARED SERVICES - 126] Entidade: Tabelas e View Manuais - FSE_PI - TAMANHO: M,SQUAD_1,12/05/2026 17:36,18/05/2026 08:48,19/05/2026 14:14,5.6333,1.2258
BF3E4-5758,[SHARED SERVICES - 128] Entidade: Tabelas e Views Manuais Restantes - TAMANHO: G,SQUAD_1,13/05/2026 16:46,21/05/2026 13:56,,7.8823,
BF3E4-584,"[MOPAR - 23] Assunto: SG Liquidadas - Operações, Desenhos e Cubo - TAMANHO: G",SQUAD_2,11/05/2026 10:41,13/05/2026 11:59,16/05/2026 11:16,2.0537,2.9706
BF3E4-599,[MOPAR - 24] Assunto: Claims GCS - TAMANHO: P,SQUAD_2,02/05/2026 12:58,04/05/2026 17:29,06/05/2026 12:16,2.1883,1.7823
BF3E4-605,[MOPAR - 25] Assunto: Erros SG - TAMANHO: P,SQUAD_2,06/05/2026 08:32,11/05/2026 11:30,13/05/2026 19:30,5.1233,2.3331
BF3E4-61,[BMC - 1] Entidade: BMC - Tamanho M,SQUAD_1,17/03/2026 10:59,06/04/2026 10:55,07/04/2026 16:36,19.9976,1.2365
BF3E4-611,"[MOPAR - 26] Assunto: User Parameters - Tipos, Anomalias, Estorno, Budget - TAMANHO: G",SQUAD_2,05/05/2026 09:55,11/05/2026 10:41,13/05/2026 17:45,6.0323,2.2946
BF3E4-6211,[SUPPLY CHAIN - 31] Entidade: Giro Mensal de Consumo de Peças (SSOLQ130) - TAMANHO: G,SQUAD_5,04/05/2026 10:22,07/05/2026 09:49,08/05/2026 14:14,2.9767,1.1843
BF3E4-631,[MOPAR - 28] Assunto: Garantia Revisões DataStage - TAMANHO: P,SQUAD_2,04/05/2026 11:44,11/05/2026 16:27,14/05/2026 14:54,7.1966,2.9349
BF3E4-638,[MOPAR - 29] Assunto: IRPV MySQL - TAMANHO: M,SQUAD_2,29/04/2026 17:19,29/04/2026 17:38,04/05/2026 17:49,0.0132,5.008
BF3E4-651,[MOPAR - 30] Assunto: IRPV2 Consolidação - TAMANHO: P,SQUAD_2,04/05/2026 11:44,07/05/2026 15:23,12/05/2026 16:44,3.152,5.0563
BF3E4-657,[MOPAR - 31] Assunto: Red Dealers - TAMANHO: M,SQUAD_2,29/04/2026 18:53,29/04/2026 19:06,08/05/2026 12:18,0.0091,8.7166
BF3E4-667,[MOPAR - 32] Assunto: Click - Parte 1 (Armazém e Estoque) - TAMANHO: G,SQUAD_2,27/04/2026 09:51,03/05/2026 14:04,03/05/2026 19:40,6.1756,0.2333
BF3E4-681,"[MOPAR - 33] Assunto: Click - Parte 2 (Pedidos, Notas e Faturamento) - TAMANHO: G",SQUAD_2,04/05/2026 10:06,07/05/2026 15:39,15/05/2026 17:47,3.2311,8.0887
BF3E4-695,"[MOPAR - 34] Assunto: Click - Parte 3 (Transporte, Viagens e Volumes) - TAMANHO: G",SQUAD_2,04/05/2026 08:55,07/05/2026 15:39,15/05/2026 16:56,3.2803,8.0536
BF3E4-709,[MOPAR - 35] Assunto: Click - Parte 4 (Produtos e Estatísticas) - TAMANHO: G,SQUAD_2,04/05/2026 08:56,07/05/2026 15:38,15/05/2026 16:46,3.2793,8.0471
BF3E4-7133,[COMERCIAL - 48] Plan de Ahorro (Consórcio) - Completo - TAMANHO: G,SQUAD_6,22/04/2026 13:09,,,,
BF3E4-721,[MOPAR - 36] Assunto: Click - Parte 5 (Produtos e Estatísticas) - TAMANHO: G,SQUAD_2,04/05/2026 08:56,07/05/2026 15:38,15/05/2026 16:57,3.2791,8.0551
BF3E4-733,[MOPAR - 37] Assunto: Click - Parte 5 (Produtos e Estatísticas) - TAMANHO: G,SQUAD_2,01/05/2026 10:38,06/05/2026 15:49,12/05/2026 19:08,5.2156,6.1385
BF3E4-746,[MOPAR - 38] Assunto: Click - Parte 6 - TAMANHO: M,SQUAD_2,29/04/2026 14:15,06/05/2026 15:48,07/05/2026 10:26,7.0647,0.7761
BF3E4-760,[MOPAR - 39] Assunto: Click - Parte 6 - TAMANHO: P,SQUAD_2,01/05/2026 11:07,08/05/2026 18:24,11/05/2026 12:52,7.3036,2.7696
BF3E4-768,[FINANCE - 1] Entidade: NFe Entrada FIAT - TAMANHO: M,SQUAD_8,25/03/2026 14:32,20/04/2026 15:34,30/04/2026 14:39,26.0431,9.9622
BF3E4-782,[FINANCE - 2] Entidade: NFe Entrada FPT - TAMANHO: M,SQUAD_8,01/04/2026 10:19,30/04/2026 11:16,04/05/2026 16:56,29.039,4.2366
BF3E4-796,[FINANCE - 3] Entidade: NFe Entrada CMA - TAMANHO: M,SQUAD_8,01/04/2026 10:20,28/04/2026 10:19,09/05/2026 12:28,26.9993,11.0901
BF3E4-810,[FINANCE - 4] Entidade: NFe Entrada CMP - TAMANHO: M,SQUAD_8,07/04/2026 11:04,28/04/2026 14:39,03/05/2026 10:16,21.1493,4.8173
BF3E4-824,[FINANCE - 5] Entidade: NFe Entrada PCMA - TAMANHO: M,SQUAD_8,09/04/2026 14:44,15/04/2026 15:13,22/04/2026 14:57,6.02,6.9891
BF3E4-838,[FINANCE - 6] Entidade: NFe Entrada Teksid - TAMANHO: M,SQUAD_8,09/04/2026 17:01,24/04/2026 14:52,05/05/2026 10:27,14.9103,10.8156
BF3E4-852,[FINANCE - 7] Entidade: CTe Entrada FIAT - TAMANHO: M,SQUAD_8,13/04/2026 16:23,23/04/2026 11:15,05/05/2026 10:36,9.7862,11.9725
BF3E4-866,[FINANCE - 8] Entidade: CTe Entrada FPT - TAMANHO: M,SQUAD_8,15/04/2026 15:31,03/05/2026 14:39,08/05/2026 11:04,17.9642,4.8507
BF3E4-880,[FINANCE - 9] Entidade: CTe Entrada CMA - TAMANHO: M,SQUAD_8,15/04/2026 18:32,16/04/2026 14:17,27/04/2026 15:14,0.8228,11.0397
BF3E4-894,[FINANCE - 10] Entidade: CTe Entrada CMP - TAMANHO: M,SQUAD_8,16/04/2026 18:22,17/04/2026 17:48,01/05/2026 19:58,0.9767,14.0899
BF3E4-908,[FINANCE - 11] Entidade: CTe Entrada PCMA - TAMANHO: M,SQUAD_8,22/04/2026 08:17,29/04/2026 08:57,04/05/2026 17:25,7.0279,5.3524
BF3E4-91,[COMPRAS - 1] Entidade: Datamart Tratativa - Parte 1 (Dimensões Básicas 1-4) - TAMANHO: G,SQUAD_1,18/03/2026 12:10,14/04/2026 09:41,17/04/2026 07:44,26.8969,2.9186
BF3E4-922,[FINANCE - 12] Entidade: CTe Entrada Teksid - TAMANHO: M,SQUAD_8,22/04/2026 10:20,23/04/2026 14:48,04/05/2026 14:06,1.1864,10.9708
BF3E4-936,[FINANCE - 13] Entidade: NFe/CTe Saída FIAT - TAMANHO: M,SQUAD_8,20/04/2026 11:42,23/04/2026 18:11,02/05/2026 15:11,3.2705,8.8751
BF3E4-951,[FINANCE - 14] Entidade: NFe/CTe Saída FPT - TAMANHO: G,SQUAD_8,29/04/2026 10:58,08/05/2026 10:26,15/05/2026 14:53,8.9779,7.1853
BF3E4-967,[FINANCE - 15] Entidade: NFe/CTe Saída CMA - TAMANHO: M,SQUAD_8,24/04/2026 11:45,24/04/2026 14:20,04/05/2026 14:45,0.1076,10.0178
BF3E4-979,[FINANCE - 16] Entidade: NFe/CTe Saída CMP - TAMANHO: M,SQUAD_8,22/04/2026 09:25,30/04/2026 20:13,05/05/2026 09:44,8.4497,4.5637
BF3E4-991,[FINANCE - 17] Entidade: NFe/CTe Saída PCMA - TAMANHO: M,SQUAD_8,24/04/2026 14:19,27/04/2026 15:46,03/05/2026 10:00,3.0609,5.7593
